origin,destination,carrier_code,carrier_name,flight_num,travel_date,advance_purchase_days,fare_class,base_fare,taxes_and_fees,total_fare,fare_split_estimated,departure_time,status,scraped_at,capture_run,source,source_name
DEL,BOM,AI,Air India,AI 2678,2026-09-06,1,economy,,,6580.0,False,08:30,ok,2026-09-05T15:46:51.795275+05:30,2026-09-05_1546IST,airline_direct,Air India
DEL,BOM,AI,Air India,AI 865,2026-09-06,1,economy,,,6580.0,False,08:55,ok,2026-09-05T15:46:51.795275+05:30,2026-09-05_1546IST,airline_direct,Air India
DEL,BOM,AI,Air India,AI 2963,2026-09-06,1,economy,,,6580.0,False,09:00,ok,2026-09-05T15:46:51.795275+05:30,2026-09-05_1546IST,airline_direct,Air India
DEL,BOM,AI,Air India,AI 1745,2026-09-06,1,economy,,,6580.0,False,05:00,ok,2026-09-05T15:46:51.795275+05:30,2026-09-05_1546IST,airline_direct,Air India
DEL,BOM,AI,Air India,AI 2975,2026-09-06,1,economy,,,6580.0,False,06:30,ok,2026-09-05T15:46:51.795275+05:30,2026-09-05_1546IST,airline_direct,Air India
DEL,BOM,AI,Air India,AI 2425,2026-09-06,1,economy,,,6739.0,False,10:30,ok,2026-09-05T15:46:51.795275+05:30,2026-09-05_1546IST,airline_direct,Air India
DEL,BOM,AI,Air India,AI 2981,2026-09-06,1,economy,,,7390.0,False,21:00,ok,2026-09-05T15:46:51.795275+05:30,2026-09-05_1546IST,airline_direct,Air India
DEL,BOM,AI,Air India,AI 2941,2026-09-06,1,economy,,,7525.0,False,16:30,ok,2026-09-05T15:46:51.795275+05:30,2026-09-05_1546IST,airline_direct,Air India
DEL,BOM,AI,Air India,AI 2951,2026-09-06,1,economy,,,8209.0,False,13:30,ok,2026-09-05T15:46:51.795275+05:30,2026-09-05_1546IST,airline_direct,Air India
DEL,BOM,AI,Air India,AI 2429,2026-09-06,1,economy,,,6580.0,False,07:00,ok,2026-09-05T15:46:51.795275+05:30,2026-09-05_1546IST,airline_direct,Air India
DEL,BOM,AI,Air India,AI 2943,2026-09-06,1,economy,,,6580.0,False,07:30,ok,2026-09-05T15:46:51.795275+05:30,2026-09-05_1546IST,airline_direct,Air India
DEL,BOM,AI,Air India,AI 2995,2026-09-06,1,economy,,,6580.0,False,10:00,ok,2026-09-05T15:46:51.795275+05:30,2026-09-05_1546IST,airline_direct,Air India
DEL,BOM,AI,Air India,AI 2945,2026-09-06,1,economy,,,6739.0,False,11:00,ok,2026-09-05T15:46:51.795275+05:30,2026-09-05_1546IST,airline_direct,Air India
DEL,BOM,AI,Air India,AI 2439,2026-09-06,1,economy,,,7390.0,False,23:00,ok,2026-09-05T15:46:51.795275+05:30,2026-09-05_1546IST,airline_direct,Air India
DEL,BOM,AI,Air India,AI 1785,2026-09-06,1,economy,,,7525.0,False,12:00,ok,2026-09-05T15:46:51.795275+05:30,2026-09-05_1546IST,airline_direct,Air India
DEL,BOM,AI,Air India,AI 441,2026-09-06,1,economy,,,7525.0,False,17:00,ok,2026-09-05T15:46:51.795275+05:30,2026-09-05_1546IST,airline_direct,Air India
DEL,BOM,AI,Air India,AI 2985,2026-09-06,1,economy,,,7525.0,False,19:30,ok,2026-09-05T15:46:51.795275+05:30,2026-09-05_1546IST,airline_direct,Air India
DEL,BOM,AI,Air India,AI 2805,2026-09-06,1,economy,,,7525.0,False,20:00,ok,2026-09-05T15:46:51.795275+05:30,2026-09-05_1546IST,airline_direct,Air India
DEL,BOM,AI,Air India,AI 1777,2026-09-06,1,economy,,,7777.0,False,16:00,ok,2026-09-05T15:46:51.795275+05:30,2026-09-05_1546IST,airline_direct,Air India
DEL,BOM,AI,Air India,AI 2955,2026-09-06,1,economy,,,7966.0,False,18:00,ok,2026-09-05T15:46:51.795275+05:30,2026-09-05_1546IST,airline_direct,Air India
DEL,BOM,AI,Air India,AI 2977,2026-09-06,1,economy,,,7966.0,False,19:00,ok,2026-09-05T15:46:51.795275+05:30,2026-09-05_1546IST,airline_direct,Air India
DEL,BOM,AI,Air India,AI 2933,2026-09-06,1,economy,,,13237.0,False,15:30,ok,2026-09-05T15:46:51.795275+05:30,2026-09-05_1546IST,airline_direct,Air India
DEL,BOM,IX,Air India Express,AI 9484,2026-09-06,1,economy,,,8022.0,False,23:25,ok,2026-09-05T15:46:51.795275+05:30,2026-09-05_1546IST,airline_direct,Air India
DEL,BOM,AI,Air India,AI 2927,2026-09-06,1,economy,,,6580.0,False,09:30,ok,2026-09-05T15:46:51.795275+05:30,2026-09-05_1546IST,airline_direct,Air India
DEL,BOM,AI,Air India,AI 2957,2026-09-06,1,economy,,,7210.0,False,20:30,ok,2026-09-05T15:46:51.795275+05:30,2026-09-05_1546IST,airline_direct,Air India
DEL,BOM,AI,Air India,AI 1780,2026-09-06,1,economy,,,9568.0,False,16:10,ok,2026-09-05T15:46:51.795275+05:30,2026-09-05_1546IST,airline_direct,Air India
DEL,BLR,AI,Air India,none,2026-09-06,1,economy,,,,False,unknown,parse_error,2026-09-05T15:48:03.919670+05:30,2026-09-05_1548IST,airline_direct,Air India
BOM,BLR,AI,Air India,AI 2603,2026-09-06,1,economy,,,6944.0,False,06:35,ok,2026-09-05T15:49:34.811980+05:30,2026-09-05_1549IST,airline_direct,Air India
BOM,BLR,AI,Air India,AI 3305,2026-09-06,1,economy,,,10429.0,False,23:40,ok,2026-09-05T15:49:34.811980+05:30,2026-09-05_1549IST,airline_direct,Air India
BOM,BLR,AI,Air India,AI 2401,2026-09-06,1,economy,,,16671.0,False,20:45,ok,2026-09-05T15:49:34.811980+05:30,2026-09-05_1549IST,airline_direct,Air India
BOM,BLR,AI,Air India,AI 2812,2026-09-06,1,economy,,,6350.0,False,02:05,ok,2026-09-05T15:49:34.811980+05:30,2026-09-05_1549IST,airline_direct,Air India
BOM,BLR,AI,Air India,AI 2410,2026-09-06,1,economy,,,7622.0,False,05:30,ok,2026-09-05T15:49:34.811980+05:30,2026-09-05_1549IST,airline_direct,Air India
BOM,BLR,AI,Air India,AI 2865,2026-09-06,1,economy,,,10429.0,False,19:45,ok,2026-09-05T15:49:34.811980+05:30,2026-09-05_1549IST,airline_direct,Air India
BOM,BLR,AI,Air India,AI 2857,2026-09-06,1,economy,,,10614.0,False,23:30,ok,2026-09-05T15:49:34.811980+05:30,2026-09-05_1549IST,airline_direct,Air India
BOM,BLR,AI,Air India,AI 2641,2026-09-06,1,economy,,,12764.0,False,18:30,ok,2026-09-05T15:49:34.811980+05:30,2026-09-05_1549IST,airline_direct,Air India
BOM,BLR,AI,Air India,AI 2849,2026-09-06,1,economy,,,14730.0,False,17:30,ok,2026-09-05T15:49:34.811980+05:30,2026-09-05_1549IST,airline_direct,Air India
BOM,BLR,AI,Air India,AI 2632,2026-09-06,1,economy,,,16981.0,False,12:00,ok,2026-09-05T15:49:34.811980+05:30,2026-09-05_1549IST,airline_direct,Air India
BOM,BLR,AI,Air India,AI 2863,2026-09-06,1,economy,,,19786.0,False,10:00,ok,2026-09-05T15:49:34.811980+05:30,2026-09-05_1549IST,airline_direct,Air India
BOM,BLR,AI,Air India,AI 2853,2026-09-06,1,economy,,,10798.0,False,15:25,ok,2026-09-05T15:49:34.811980+05:30,2026-09-05_1549IST,airline_direct,Air India
BOM,BLR,IX,Air India Express,AI 2619,2026-09-06,1,economy,,,24740.0,False,18:00,ok,2026-09-05T15:49:34.811980+05:30,2026-09-05_1549IST,airline_direct,Air India
BOM,BLR,IX,Air India Express,AI 681,2026-09-06,1,economy,,,23423.0,False,16:55,ok,2026-09-05T15:49:34.811980+05:30,2026-09-05_1549IST,airline_direct,Air India
BOM,BLR,AI,Air India,AI 2930,2026-09-06,1,economy,,,22779.0,False,07:30,ok,2026-09-05T15:49:34.811980+05:30,2026-09-05_1549IST,airline_direct,Air India
BOM,BLR,AI,Air India,AI 2928,2026-09-06,1,economy,,,22779.0,False,06:30,ok,2026-09-05T15:49:34.811980+05:30,2026-09-05_1549IST,airline_direct,Air India
BOM,BLR,AI,Air India,AI 2677,2026-09-06,1,economy,,,29394.0,False,13:00,ok,2026-09-05T15:49:34.811980+05:30,2026-09-05_1549IST,airline_direct,Air India
BOM,BLR,AI,Air India,AI 2422,2026-09-06,1,economy,,,17509.0,False,01:00,ok,2026-09-05T15:49:34.811980+05:30,2026-09-05_1549IST,airline_direct,Air India
DEL,CCU,AI,Air India,AI 2535,2026-09-06,1,economy,,,8763.0,False,06:40,ok,2026-09-05T15:50:33.008081+05:30,2026-09-05_1550IST,airline_direct,Air India
DEL,CCU,AI,Air India,AI 2709,2026-09-06,1,economy,,,8915.0,False,19:40,ok,2026-09-05T15:50:33.008081+05:30,2026-09-05_1550IST,airline_direct,Air India
DEL,CCU,AI,Air India,AI 2702,2026-09-06,1,economy,,,8763.0,False,02:30,ok,2026-09-05T15:50:33.008081+05:30,2026-09-05_1550IST,airline_direct,Air India
DEL,CCU,AI,Air India,AI 1714,2026-09-06,1,economy,,,8763.0,False,21:00,ok,2026-09-05T15:50:33.008081+05:30,2026-09-05_1550IST,airline_direct,Air India
DEL,CCU,AI,Air India,AI 2705,2026-09-06,1,economy,,,8915.0,False,07:30,ok,2026-09-05T15:50:33.008081+05:30,2026-09-05_1550IST,airline_direct,Air India
DEL,CCU,AI,Air India,AI 2707,2026-09-06,1,economy,,,9078.0,False,18:00,ok,2026-09-05T15:50:33.008081+05:30,2026-09-05_1550IST,airline_direct,Air India
DEL,CCU,AI,Air India,AI 1733,2026-09-06,1,economy,,,9237.0,False,16:15,ok,2026-09-05T15:50:33.008081+05:30,2026-09-05_1550IST,airline_direct,Air India
DEL,CCU,AI,Air India,AI 2767,2026-09-06,1,economy,,,10255.0,False,13:00,ok,2026-09-05T15:50:33.008081+05:30,2026-09-05_1550IST,airline_direct,Air India
DEL,CCU,AI,Air India,AI 1791,2026-09-06,1,economy,,,11631.0,False,09:55,ok,2026-09-05T15:50:33.008081+05:30,2026-09-05_1550IST,airline_direct,Air India
DEL,CCU,AI,Air India,AI 2678,2026-09-06,1,economy,,,16538.0,False,08:30,ok,2026-09-05T15:50:33.008081+05:30,2026-09-05_1550IST,airline_direct,Air India
DEL,CCU,IX,Air India Express,AI 2487,2026-09-06,1,economy,,,28934.0,False,18:30,ok,2026-09-05T15:50:33.008081+05:30,2026-09-05_1550IST,airline_direct,Air India
DEL,CCU,AI,Air India,AI 2951,2026-09-06,1,economy,,,22336.0,False,13:30,ok,2026-09-05T15:50:33.008081+05:30,2026-09-05_1550IST,airline_direct,Air India
DEL,CCU,IX,Air India Express,AI 537,2026-09-06,1,economy,,,26191.0,False,15:45,ok,2026-09-05T15:50:33.008081+05:30,2026-09-05_1550IST,airline_direct,Air India
DEL,CCU,AI,Air India,AI 2943,2026-09-06,1,economy,,,12858.0,False,07:30,ok,2026-09-05T15:50:33.008081+05:30,2026-09-05_1550IST,airline_direct,Air India
DEL,CCU,AI,Air India,AI 441,2026-09-06,1,economy,,,12858.0,False,17:00,ok,2026-09-05T15:50:33.008081+05:30,2026-09-05_1550IST,airline_direct,Air India
DEL,CCU,IX,Air India Express,AI 1755,2026-09-06,1,economy,,,29008.0,False,14:30,ok,2026-09-05T15:50:33.008081+05:30,2026-09-05_1550IST,airline_direct,Air India
DEL,CCU,AI,Air India,AI 2429,2026-09-06,1,economy,,,12858.0,False,07:00,ok,2026-09-05T15:50:33.008081+05:30,2026-09-05_1550IST,airline_direct,Air India
DEL,CCU,AI,Air India,AI 2941,2026-09-06,1,economy,,,28061.0,False,16:30,ok,2026-09-05T15:50:33.008081+05:30,2026-09-05_1550IST,airline_direct,Air India
DEL,CCU,AI,Air India,AI 2975,2026-09-06,1,economy,,,16538.0,False,06:30,ok,2026-09-05T15:50:33.008081+05:30,2026-09-05_1550IST,airline_direct,Air India
DEL,CCU,AI,Air India,AI 1785,2026-09-06,1,economy,,,16886.0,False,12:00,ok,2026-09-05T15:50:33.008081+05:30,2026-09-05_1550IST,airline_direct,Air India
BLR,HYD,IX,Air India Express,AI 9566,2026-09-06,1,economy,,,13740.0,False,22:40,ok,2026-09-05T15:51:23.419710+05:30,2026-09-05_1551IST,airline_direct,Air India
BLR,HYD,IX,Air India Express,AI 9570,2026-09-06,1,economy,,,6390.0,False,06:05,ok,2026-09-05T15:51:23.419710+05:30,2026-09-05_1551IST,airline_direct,Air India
BLR,HYD,IX,Air India Express,AI 9572,2026-09-06,1,economy,,,13740.0,False,12:30,ok,2026-09-05T15:51:23.419710+05:30,2026-09-05_1551IST,airline_direct,Air India
BLR,HYD,IX,Air India Express,AI 9568,2026-09-06,1,economy,,,18332.0,False,17:15,ok,2026-09-05T15:51:23.419710+05:30,2026-09-05_1551IST,airline_direct,Air India
BLR,HYD,IX,Air India Express,AI 9840,2026-09-06,1,economy,,,6409.0,False,06:10,ok,2026-09-05T15:51:23.419710+05:30,2026-09-05_1551IST,airline_direct,Air India
BLR,HYD,AI,Air India,AI 2854,2026-09-06,1,economy,,,25891.0,False,18:05,ok,2026-09-05T15:51:23.419710+05:30,2026-09-05_1551IST,airline_direct,Air India
BLR,HYD,AI,Air India,AI 2858,2026-09-06,1,economy,,,16724.0,False,02:20,ok,2026-09-05T15:51:23.419710+05:30,2026-09-05_1551IST,airline_direct,Air India
BLR,HYD,AI,Air India,AI 2402,2026-09-06,1,economy,,,14555.0,False,06:35,ok,2026-09-05T15:51:23.419710+05:30,2026-09-05_1551IST,airline_direct,Air India
BLR,HYD,AI,Air India,AI 2810,2026-09-06,1,economy,,,18401.0,False,06:00,ok,2026-09-05T15:51:23.419710+05:30,2026-09-05_1551IST,airline_direct,Air India
BLR,HYD,AI,Air India,AI 2802,2026-09-06,1,economy,,,21347.0,False,18:20,ok,2026-09-05T15:51:23.419710+05:30,2026-09-05_1551IST,airline_direct,Air India
BLR,HYD,AI,Air India,AI 2852,2026-09-06,1,economy,,,22029.0,False,10:30,ok,2026-09-05T15:51:23.419710+05:30,2026-09-05_1551IST,airline_direct,Air India
BLR,HYD,AI,Air India,AI 2418,2026-09-06,1,economy,,,21868.0,False,16:30,ok,2026-09-05T15:51:23.419710+05:30,2026-09-05_1551IST,airline_direct,Air India
BLR,HYD,AI,Air India,AI 2486,2026-09-06,1,economy,,,27834.0,False,14:00,ok,2026-09-05T15:51:23.419710+05:30,2026-09-05_1551IST,airline_direct,Air India
BLR,HYD,AI,Air India,AI 2414,2026-09-06,1,economy,,,16941.0,False,05:30,ok,2026-09-05T15:51:23.419710+05:30,2026-09-05_1551IST,airline_direct,Air India
BLR,HYD,IX,Air India Express,AI 9480,2026-09-06,1,economy,,,13892.0,False,08:40,ok,2026-09-05T15:51:23.419710+05:30,2026-09-05_1551IST,airline_direct,Air India
BLR,HYD,AI,Air India,AI 2804,2026-09-06,1,economy,,,30373.0,False,10:00,ok,2026-09-05T15:51:23.419710+05:30,2026-09-05_1551IST,airline_direct,Air India
BLR,HYD,AI,Air India,AI 2810,2026-09-06,1,economy,,,19118.0,False,06:00,ok,2026-09-05T15:51:23.419710+05:30,2026-09-05_1551IST,airline_direct,Air India
BLR,HYD,AI,Air India,AI 2511,2026-09-06,1,economy,,,22915.0,False,15:00,ok,2026-09-05T15:51:23.419710+05:30,2026-09-05_1551IST,airline_direct,Air India
BLR,HYD,IX,Air India Express,AI 9970,2026-09-06,1,economy,,,27563.0,False,14:45,ok,2026-09-05T15:51:23.419710+05:30,2026-09-05_1551IST,airline_direct,Air India
MAA,DEL,AI,Air India,AI 538,2026-09-06,1,economy,,,20636.0,False,20:10,ok,2026-09-05T15:52:28.852325+05:30,2026-09-05_1552IST,airline_direct,Air India
MAA,DEL,AI,Air India,AI 2886,2026-09-06,1,economy,,,20636.0,False,06:55,ok,2026-09-05T15:52:28.852325+05:30,2026-09-05_1552IST,airline_direct,Air India
MAA,DEL,AI,Air India,AI 2468,2026-09-06,1,economy,,,30627.0,False,14:00,ok,2026-09-05T15:52:28.852325+05:30,2026-09-05_1552IST,airline_direct,Air India
MAA,DEL,AI,Air India,AI 2836,2026-09-06,1,economy,,,20636.0,False,11:00,ok,2026-09-05T15:52:28.852325+05:30,2026-09-05_1552IST,airline_direct,Air India
MAA,DEL,AI,Air India,AI 2484,2026-09-06,1,economy,,,24848.0,False,16:20,ok,2026-09-05T15:52:28.852325+05:30,2026-09-05_1552IST,airline_direct,Air India
MAA,DEL,IX,Air India Express,AI 9971,2026-09-06,1,economy,,,24575.0,False,16:30,ok,2026-09-05T15:52:28.852325+05:30,2026-09-05_1552IST,airline_direct,Air India
MAA,DEL,AI,Air India,AI 2779,2026-09-06,1,economy,,,17739.0,False,07:00,ok,2026-09-05T15:52:28.852325+05:30,2026-09-05_1552IST,airline_direct,Air India
MAA,DEL,AI,Air India,AI 640,2026-09-06,1,economy,,,18078.0,False,17:00,ok,2026-09-05T15:52:28.852325+05:30,2026-09-05_1552IST,airline_direct,Air India
MAA,DEL,IX,Air India Express,AI 9427,2026-09-06,1,economy,,,19609.0,False,06:30,ok,2026-09-05T15:52:28.852325+05:30,2026-09-05_1552IST,airline_direct,Air India
MAA,DEL,IX,Air India Express,AI 9483,2026-09-06,1,economy,,,24913.0,False,07:25,ok,2026-09-05T15:52:28.852325+05:30,2026-09-05_1552IST,airline_direct,Air India
MAA,DEL,AI,Air India,AI 2822,2026-09-06,1,economy,,,27341.0,False,09:35,ok,2026-09-05T15:52:28.852325+05:30,2026-09-05_1552IST,airline_direct,Air India
MAA,DEL,AI,Air India,AI 2740,2026-09-06,1,economy,,,27876.0,False,16:00,ok,2026-09-05T15:52:28.852325+05:30,2026-09-05_1552IST,airline_direct,Air India
MAA,DEL,IX,Air India Express,AI 9479,2026-09-06,1,economy,,,15335.0,False,21:25,ok,2026-09-05T15:52:28.852325+05:30,2026-09-05_1552IST,airline_direct,Air India
MAA,DEL,AI,Air India,AI 640,2026-09-06,1,economy,,,18078.0,False,17:00,ok,2026-09-05T15:52:28.852325+05:30,2026-09-05_1552IST,airline_direct,Air India
MAA,DEL,AI,Air India,AI 2828,2026-09-06,1,economy,,,17739.0,False,05:55,ok,2026-09-05T15:52:28.852325+05:30,2026-09-05_1552IST,airline_direct,Air India
MAA,DEL,AI,Air India,AI 640,2026-09-06,1,economy,,,18078.0,False,17:00,ok,2026-09-05T15:52:28.852325+05:30,2026-09-05_1552IST,airline_direct,Air India
MAA,DEL,AI,Air India,AI 436,2026-09-06,1,economy,,,27609.0,False,21:05,ok,2026-09-05T15:52:28.852325+05:30,2026-09-05_1552IST,airline_direct,Air India
MAA,DEL,AI,Air India,AI 2779,2026-09-06,1,economy,,,34024.0,False,07:00,ok,2026-09-05T15:52:28.852325+05:30,2026-09-05_1552IST,airline_direct,Air India
MAA,DEL,AI,Air India,AI 2779,2026-09-06,1,economy,,,49689.0,False,07:00,ok,2026-09-05T15:52:28.852325+05:30,2026-09-05_1552IST,airline_direct,Air India
MAA,DEL,AI,Air India,AI 2822,2026-09-06,1,economy,,,33866.0,False,09:35,ok,2026-09-05T15:52:28.852325+05:30,2026-09-05_1552IST,airline_direct,Air India
DEL,BOM,AI,Air India,AI 2678,2026-09-12,7,economy,,,6580.0,False,08:30,ok,2026-09-05T15:53:26.660630+05:30,2026-09-05_1553IST,airline_direct,Air India
DEL,BOM,AI,Air India,AI 865,2026-09-12,7,economy,,,6949.0,False,08:55,ok,2026-09-05T15:53:26.660630+05:30,2026-09-05_1553IST,airline_direct,Air India
DEL,BOM,AI,Air India,AI 2963,2026-09-12,7,economy,,,6949.0,False,09:00,ok,2026-09-05T15:53:26.660630+05:30,2026-09-05_1553IST,airline_direct,Air India
DEL,BOM,AI,Air India,AI 2941,2026-09-12,7,economy,,,6580.0,False,16:30,ok,2026-09-05T15:53:26.660630+05:30,2026-09-05_1553IST,airline_direct,Air India
DEL,BOM,AI,Air India,AI 2981,2026-09-12,7,economy,,,6580.0,False,21:00,ok,2026-09-05T15:53:26.660630+05:30,2026-09-05_1553IST,airline_direct,Air India
DEL,BOM,AI,Air India,AI 2975,2026-09-12,7,economy,,,6739.0,False,06:30,ok,2026-09-05T15:53:26.660630+05:30,2026-09-05_1553IST,airline_direct,Air India
DEL,BOM,AI,Air India,AI 1745,2026-09-12,7,economy,,,6949.0,False,05:00,ok,2026-09-05T15:53:26.660630+05:30,2026-09-05_1553IST,airline_direct,Air India
DEL,BOM,AI,Air India,AI 2951,2026-09-12,7,economy,,,9818.0,False,13:30,ok,2026-09-05T15:53:26.660630+05:30,2026-09-05_1553IST,airline_direct,Air India
DEL,BOM,AI,Air India,AI 2943,2026-09-12,7,economy,,,6580.0,False,07:30,ok,2026-09-05T15:53:26.660630+05:30,2026-09-05_1553IST,airline_direct,Air India
DEL,BOM,AI,Air India,AI 1777,2026-09-12,7,economy,,,6580.0,False,16:00,ok,2026-09-05T15:53:26.660630+05:30,2026-09-05_1553IST,airline_direct,Air India
DEL,BOM,AI,Air India,AI 441,2026-09-12,7,economy,,,6580.0,False,17:00,ok,2026-09-05T15:53:26.660630+05:30,2026-09-05_1553IST,airline_direct,Air India
DEL,BOM,AI,Air India,AI 2955,2026-09-12,7,economy,,,6580.0,False,18:00,ok,2026-09-05T15:53:26.660630+05:30,2026-09-05_1553IST,airline_direct,Air India
DEL,BOM,AI,Air India,AI 2977,2026-09-12,7,economy,,,6580.0,False,19:00,ok,2026-09-05T15:53:26.660630+05:30,2026-09-05_1553IST,airline_direct,Air India
DEL,BOM,AI,Air India,AI 2985,2026-09-12,7,economy,,,6580.0,False,19:30,ok,2026-09-05T15:53:26.660630+05:30,2026-09-05_1553IST,airline_direct,Air India
DEL,BOM,AI,Air India,AI 2439,2026-09-12,7,economy,,,6580.0,False,23:00,ok,2026-09-05T15:53:26.660630+05:30,2026-09-05_1553IST,airline_direct,Air India
DEL,BOM,AI,Air India,AI 2433,2026-09-12,7,economy,,,6739.0,False,21:30,ok,2026-09-05T15:53:26.660630+05:30,2026-09-05_1553IST,airline_direct,Air India
DEL,BOM,AI,Air India,AI 2429,2026-09-12,7,economy,,,6949.0,False,07:00,ok,2026-09-05T15:53:26.660630+05:30,2026-09-05_1553IST,airline_direct,Air India
DEL,BOM,AI,Air India,AI 2995,2026-09-12,7,economy,,,6949.0,False,10:00,ok,2026-09-05T15:53:26.660630+05:30,2026-09-05_1553IST,airline_direct,Air India
DEL,BOM,AI,Air India,AI 1785,2026-09-12,7,economy,,,6949.0,False,12:00,ok,2026-09-05T15:53:26.660630+05:30,2026-09-05_1553IST,airline_direct,Air India
DEL,BOM,AI,Air India,AI 2933,2026-09-12,7,economy,,,7840.0,False,15:30,ok,2026-09-05T15:53:26.660630+05:30,2026-09-05_1553IST,airline_direct,Air India
DEL,BOM,AI,Air India,AI 2945,2026-09-12,7,economy,,,8209.0,False,11:00,ok,2026-09-05T15:53:26.660630+05:30,2026-09-05_1553IST,airline_direct,Air India
DEL,BOM,IX,Air India Express,AI 9484,2026-09-12,7,economy,,,6577.0,False,23:25,ok,2026-09-05T15:53:26.660630+05:30,2026-09-05_1553IST,airline_direct,Air India
DEL,BOM,AI,Air India,AI 2927,2026-09-12,7,economy,,,6949.0,False,09:30,ok,2026-09-05T15:53:26.660630+05:30,2026-09-05_1553IST,airline_direct,Air India
DEL,BOM,IX,Air India Express,AI 9486,2026-09-12,7,economy,,,6577.0,False,05:35,ok,2026-09-05T15:53:26.660630+05:30,2026-09-05_1553IST,airline_direct,Air India
DEL,BOM,AI,Air India,AI 2957,2026-09-12,7,economy,,,6949.0,False,20:30,ok,2026-09-05T15:53:26.660630+05:30,2026-09-05_1553IST,airline_direct,Air India
DEL,BOM,AI,Air India,AI 1780,2026-09-12,7,economy,,,7525.0,False,16:10,ok,2026-09-05T15:53:26.660630+05:30,2026-09-05_1553IST,airline_direct,Air India
DEL,BLR,AI,Air India,none,2026-09-12,7,economy,,,,False,unknown,parse_error,2026-09-05T15:54:37.895492+05:30,2026-09-05_1554IST,airline_direct,Air India
BOM,BLR,AI,Air India,AI 2401,2026-09-12,7,economy,,,8162.0,False,20:45,ok,2026-09-05T15:55:57.280433+05:30,2026-09-05_1555IST,airline_direct,Air India
BOM,BLR,AI,Air India,AI 2603,2026-09-12,7,economy,,,10429.0,False,06:35,ok,2026-09-05T15:55:57.280433+05:30,2026-09-05_1555IST,airline_direct,Air India
BOM,BLR,AI,Air India,AI 2857,2026-09-12,7,economy,,,7427.0,False,23:30,ok,2026-09-05T15:55:57.280433+05:30,2026-09-05_1555IST,airline_direct,Air India
BOM,BLR,AI,Air India,AI 2812,2026-09-12,7,economy,,,10429.0,False,02:05,ok,2026-09-05T15:55:57.280433+05:30,2026-09-05_1555IST,airline_direct,Air India
BOM,BLR,AI,Air India,AI 2410,2026-09-12,7,economy,,,10429.0,False,05:30,ok,2026-09-05T15:55:57.280433+05:30,2026-09-05_1555IST,airline_direct,Air India
BOM,BLR,AI,Air India,AI 2865,2026-09-12,7,economy,,,10429.0,False,19:45,ok,2026-09-05T15:55:57.280433+05:30,2026-09-05_1555IST,airline_direct,Air India
BOM,BLR,AI,Air India,AI 2849,2026-09-12,7,economy,,,10798.0,False,17:30,ok,2026-09-05T15:55:57.280433+05:30,2026-09-05_1555IST,airline_direct,Air India
BOM,BLR,AI,Air India,AI 2641,2026-09-12,7,economy,,,10798.0,False,18:30,ok,2026-09-05T15:55:57.280433+05:30,2026-09-05_1555IST,airline_direct,Air India
BOM,BLR,AI,Air India,AI 2632,2026-09-12,7,economy,,,14469.0,False,12:00,ok,2026-09-05T15:55:57.280433+05:30,2026-09-05_1555IST,airline_direct,Air India
BOM,BLR,AI,Air India,AI 2863,2026-09-12,7,economy,,,14730.0,False,10:00,ok,2026-09-05T15:55:57.280433+05:30,2026-09-05_1555IST,airline_direct,Air India
BOM,BLR,AI,Air India,AI 2853,2026-09-12,7,economy,,,10614.0,False,15:25,ok,2026-09-05T15:55:57.280433+05:30,2026-09-05_1555IST,airline_direct,Air India
BOM,BLR,AI,Air India,AI 2851,2026-09-12,7,economy,,,10983.0,False,07:55,ok,2026-09-05T15:55:57.280433+05:30,2026-09-05_1555IST,airline_direct,Air India
BOM,BLR,IX,Air India Express,AI 2619,2026-09-12,7,economy,,,11003.0,False,18:00,ok,2026-09-05T15:55:57.280433+05:30,2026-09-05_1555IST,airline_direct,Air India
BOM,BLR,IX,Air India Express,AI 435,2026-09-12,7,economy,,,15886.0,False,18:10,ok,2026-09-05T15:55:57.280433+05:30,2026-09-05_1555IST,airline_direct,Air India
BOM,BLR,IX,Air India Express,AI 2745,2026-09-12,7,economy,,,24514.0,False,15:30,ok,2026-09-05T15:55:57.280433+05:30,2026-09-05_1555IST,airline_direct,Air India
BOM,BLR,AI,Air India,AI 2928,2026-09-12,7,economy,,,19368.0,False,06:30,ok,2026-09-05T15:55:57.280433+05:30,2026-09-05_1555IST,airline_direct,Air India
BOM,BLR,AI,Air India,AI 816,2026-09-12,7,economy,,,15196.0,False,21:00,ok,2026-09-05T15:55:57.280433+05:30,2026-09-05_1555IST,airline_direct,Air India
BOM,BLR,AI,Air India,AI 2677,2026-09-12,7,economy,,,17804.0,False,13:00,ok,2026-09-05T15:55:57.280433+05:30,2026-09-05_1555IST,airline_direct,Air India
BOM,BLR,AI,Air India,AI 2422,2026-09-12,7,economy,,,21345.0,False,01:00,ok,2026-09-05T15:55:57.280433+05:30,2026-09-05_1555IST,airline_direct,Air India
DEL,CCU,AI,Air India,AI 2535,2026-09-12,7,economy,,,8763.0,False,06:40,ok,2026-09-05T15:56:52.486549+05:30,2026-09-05_1556IST,airline_direct,Air India
DEL,CCU,AI,Air India,AI 2709,2026-09-12,7,economy,,,8915.0,False,19:40,ok,2026-09-05T15:56:52.486549+05:30,2026-09-05_1556IST,airline_direct,Air India
DEL,CCU,AI,Air India,AI 2702,2026-09-12,7,economy,,,8763.0,False,02:30,ok,2026-09-05T15:56:52.486549+05:30,2026-09-05_1556IST,airline_direct,Air India
DEL,CCU,AI,Air India,AI 1733,2026-09-12,7,economy,,,8763.0,False,16:15,ok,2026-09-05T15:56:52.486549+05:30,2026-09-05_1556IST,airline_direct,Air India
DEL,CCU,AI,Air India,AI 2707,2026-09-12,7,economy,,,8763.0,False,18:00,ok,2026-09-05T15:56:52.486549+05:30,2026-09-05_1556IST,airline_direct,Air India
DEL,CCU,AI,Air India,AI 1714,2026-09-12,7,economy,,,8763.0,False,21:00,ok,2026-09-05T15:56:52.486549+05:30,2026-09-05_1556IST,airline_direct,Air India
DEL,CCU,AI,Air India,AI 2705,2026-09-12,7,economy,,,8915.0,False,07:30,ok,2026-09-05T15:56:52.486549+05:30,2026-09-05_1556IST,airline_direct,Air India
DEL,CCU,AI,Air India,AI 1791,2026-09-12,7,economy,,,8915.0,False,09:55,ok,2026-09-05T15:56:52.486549+05:30,2026-09-05_1556IST,airline_direct,Air India
DEL,CCU,AI,Air India,AI 2767,2026-09-12,7,economy,,,10255.0,False,13:00,ok,2026-09-05T15:56:52.486549+05:30,2026-09-05_1556IST,airline_direct,Air India
DEL,CCU,AI,Air India,AI 2678,2026-09-12,7,economy,,,16538.0,False,08:30,ok,2026-09-05T15:56:52.486549+05:30,2026-09-05_1556IST,airline_direct,Air India
DEL,CCU,IX,Air India Express,AI 2487,2026-09-12,7,economy,,,17958.0,False,18:30,ok,2026-09-05T15:56:52.486549+05:30,2026-09-05_1556IST,airline_direct,Air India
DEL,CCU,AI,Air India,AI 2951,2026-09-12,7,economy,,,35682.0,False,13:30,ok,2026-09-05T15:56:52.486549+05:30,2026-09-05_1556IST,airline_direct,Air India
DEL,CCU,IX,Air India Express,AI 537,2026-09-12,7,economy,,,19176.0,False,15:45,ok,2026-09-05T15:56:52.486549+05:30,2026-09-05_1556IST,airline_direct,Air India
DEL,CCU,AI,Air India,AI 2943,2026-09-12,7,economy,,,12858.0,False,07:30,ok,2026-09-05T15:56:52.486549+05:30,2026-09-05_1556IST,airline_direct,Air India
DEL,CCU,AI,Air India,AI 441,2026-09-12,7,economy,,,12858.0,False,17:00,ok,2026-09-05T15:56:52.486549+05:30,2026-09-05_1556IST,airline_direct,Air India
DEL,CCU,IX,Air India Express,AI 1755,2026-09-12,7,economy,,,14157.0,False,14:30,ok,2026-09-05T15:56:52.486549+05:30,2026-09-05_1556IST,airline_direct,Air India
DEL,CCU,AI,Air India,AI 2429,2026-09-12,7,economy,,,12858.0,False,07:00,ok,2026-09-05T15:56:52.486549+05:30,2026-09-05_1556IST,airline_direct,Air India
DEL,CCU,AI,Air India,AI 2941,2026-09-12,7,economy,,,16151.0,False,16:30,ok,2026-09-05T15:56:52.486549+05:30,2026-09-05_1556IST,airline_direct,Air India
DEL,CCU,AI,Air India,AI 2975,2026-09-12,7,economy,,,16538.0,False,06:30,ok,2026-09-05T15:56:52.486549+05:30,2026-09-05_1556IST,airline_direct,Air India
DEL,CCU,AI,Air India,AI 1785,2026-09-12,7,economy,,,19664.0,False,12:00,ok,2026-09-05T15:56:52.486549+05:30,2026-09-05_1556IST,airline_direct,Air India
BLR,HYD,IX,Air India Express,AI 9566,2026-09-12,7,economy,,,4607.0,False,22:40,ok,2026-09-05T15:57:56.272939+05:30,2026-09-05_1557IST,airline_direct,Air India
BLR,HYD,IX,Air India Express,AI 9572,2026-09-12,7,economy,,,5907.0,False,12:30,ok,2026-09-05T15:57:56.272939+05:30,2026-09-05_1557IST,airline_direct,Air India
BLR,HYD,IX,Air India Express,AI 9570,2026-09-12,7,economy,,,6925.0,False,06:05,ok,2026-09-05T15:57:56.272939+05:30,2026-09-05_1557IST,airline_direct,Air India
BLR,HYD,IX,Air India Express,AI 9568,2026-09-12,7,economy,,,7514.0,False,17:15,ok,2026-09-05T15:57:56.272939+05:30,2026-09-05_1557IST,airline_direct,Air India
BLR,HYD,AI,Air India,AI 2630,2026-09-12,7,economy,,,19753.0,False,12:05,ok,2026-09-05T15:57:56.272939+05:30,2026-09-05_1557IST,airline_direct,Air India
BLR,HYD,AI,Air India,AI 2854,2026-09-12,7,economy,,,14627.0,False,18:05,ok,2026-09-05T15:57:56.272939+05:30,2026-09-05_1557IST,airline_direct,Air India
BLR,HYD,AI,Air India,AI 3306,2026-09-12,7,economy,,,18040.0,False,02:25,ok,2026-09-05T15:57:56.272939+05:30,2026-09-05_1557IST,airline_direct,Air India
BLR,HYD,AI,Air India,AI 2858,2026-09-12,7,economy,,,18040.0,False,02:20,ok,2026-09-05T15:57:56.272939+05:30,2026-09-05_1557IST,airline_direct,Air India
BLR,HYD,AI,Air India,AI 2402,2026-09-12,7,economy,,,18929.0,False,06:35,ok,2026-09-05T15:57:56.272939+05:30,2026-09-05_1557IST,airline_direct,Air India
BLR,HYD,AI,Air India,AI 2802,2026-09-12,7,economy,,,20168.0,False,18:20,ok,2026-09-05T15:57:56.272939+05:30,2026-09-05_1557IST,airline_direct,Air India
BLR,HYD,AI,Air India,AI 2810,2026-09-12,7,economy,,,22475.0,False,06:00,ok,2026-09-05T15:57:56.272939+05:30,2026-09-05_1557IST,airline_direct,Air India
BLR,HYD,AI,Air India,AI 2852,2026-09-12,7,economy,,,17917.0,False,10:30,ok,2026-09-05T15:57:56.272939+05:30,2026-09-05_1557IST,airline_direct,Air India
BLR,HYD,AI,Air India,AI 2418,2026-09-12,7,economy,,,19125.0,False,16:30,ok,2026-09-05T15:57:56.272939+05:30,2026-09-05_1557IST,airline_direct,Air India
BLR,HYD,AI,Air India,AI 2486,2026-09-12,7,economy,,,20694.0,False,14:00,ok,2026-09-05T15:57:56.272939+05:30,2026-09-05_1557IST,airline_direct,Air India
BLR,HYD,AI,Air India,AI 2414,2026-09-12,7,economy,,,20333.0,False,05:30,ok,2026-09-05T15:57:56.272939+05:30,2026-09-05_1557IST,airline_direct,Air India
BLR,HYD,IX,Air India Express,AI 9480,2026-09-12,7,economy,,,8054.0,False,08:40,ok,2026-09-05T15:57:56.272939+05:30,2026-09-05_1557IST,airline_direct,Air India
BLR,HYD,AI,Air India,AI 2804,2026-09-12,7,economy,,,19394.0,False,10:00,ok,2026-09-05T15:57:56.272939+05:30,2026-09-05_1557IST,airline_direct,Air India
BLR,HYD,AI,Air India,AI 2511,2026-09-12,7,economy,,,19450.0,False,15:00,ok,2026-09-05T15:57:56.272939+05:30,2026-09-05_1557IST,airline_direct,Air India
BLR,HYD,AI,Air India,AI 2810,2026-09-12,7,economy,,,22475.0,False,06:00,ok,2026-09-05T15:57:56.272939+05:30,2026-09-05_1557IST,airline_direct,Air India
MAA,DEL,AI,Air India,AI 538,2026-09-12,7,economy,,,12546.0,False,20:10,ok,2026-09-05T15:58:59.553927+05:30,2026-09-05_1558IST,airline_direct,Air India
MAA,DEL,AI,Air India,AI 2468,2026-09-12,7,economy,,,10180.0,False,14:00,ok,2026-09-05T15:58:59.553927+05:30,2026-09-05_1558IST,airline_direct,Air India
MAA,DEL,AI,Air India,AI 2886,2026-09-12,7,economy,,,12546.0,False,06:55,ok,2026-09-05T15:58:59.553927+05:30,2026-09-05_1558IST,airline_direct,Air India
MAA,DEL,AI,Air India,AI 2836,2026-09-12,7,economy,,,10890.0,False,11:00,ok,2026-09-05T15:58:59.553927+05:30,2026-09-05_1558IST,airline_direct,Air India
MAA,DEL,AI,Air India,AI 2484,2026-09-12,7,economy,,,12546.0,False,16:20,ok,2026-09-05T15:58:59.553927+05:30,2026-09-05_1558IST,airline_direct,Air India
MAA,DEL,AI,Air India,AI 2838,2026-09-12,7,economy,,,14563.0,False,21:40,ok,2026-09-05T15:58:59.553927+05:30,2026-09-05_1558IST,airline_direct,Air India
MAA,DEL,IX,Air India Express,AI 9971,2026-09-12,7,economy,,,14389.0,False,16:30,ok,2026-09-05T15:58:59.553927+05:30,2026-09-05_1558IST,airline_direct,Air India
MAA,DEL,IX,Air India Express,AI 9763,2026-09-12,7,economy,,,14414.0,False,08:55,ok,2026-09-05T15:58:59.553927+05:30,2026-09-05_1558IST,airline_direct,Air India
MAA,DEL,AI,Air India,AI 2779,2026-09-12,7,economy,,,17739.0,False,07:00,ok,2026-09-05T15:58:59.553927+05:30,2026-09-05_1558IST,airline_direct,Air India
MAA,DEL,AI,Air India,AI 640,2026-09-12,7,economy,,,18980.0,False,17:00,ok,2026-09-05T15:58:59.553927+05:30,2026-09-05_1558IST,airline_direct,Air India
MAA,DEL,IX,Air India Express,AI 9427,2026-09-12,7,economy,,,15180.0,False,06:30,ok,2026-09-05T15:58:59.553927+05:30,2026-09-05_1558IST,airline_direct,Air India
MAA,DEL,IX,Air India Express,AI 9483,2026-09-12,7,economy,,,14995.0,False,07:25,ok,2026-09-05T15:58:59.553927+05:30,2026-09-05_1558IST,airline_direct,Air India
MAA,DEL,AI,Air India,AI 2822,2026-09-12,7,economy,,,21448.0,False,09:35,ok,2026-09-05T15:58:59.553927+05:30,2026-09-05_1558IST,airline_direct,Air India
MAA,DEL,AI,Air India,AI 2740,2026-09-12,7,economy,,,40720.0,False,16:00,ok,2026-09-05T15:58:59.553927+05:30,2026-09-05_1558IST,airline_direct,Air India
MAA,DEL,AI,Air India,AI 640,2026-09-12,7,economy,,,18980.0,False,17:00,ok,2026-09-05T15:58:59.553927+05:30,2026-09-05_1558IST,airline_direct,Air India
MAA,DEL,AI,Air India,AI 2828,2026-09-12,7,economy,,,17739.0,False,05:55,ok,2026-09-05T15:58:59.553927+05:30,2026-09-05_1558IST,airline_direct,Air India
MAA,DEL,AI,Air India,AI 436,2026-09-12,7,economy,,,27609.0,False,21:10,ok,2026-09-05T15:58:59.553927+05:30,2026-09-05_1558IST,airline_direct,Air India
MAA,DEL,AI,Air India,AI 640,2026-09-12,7,economy,,,18980.0,False,17:00,ok,2026-09-05T15:58:59.553927+05:30,2026-09-05_1558IST,airline_direct,Air India
MAA,DEL,AI,Air India,AI 2779,2026-09-12,7,economy,,,49302.0,False,07:00,ok,2026-09-05T15:58:59.553927+05:30,2026-09-05_1558IST,airline_direct,Air India
MAA,DEL,AI,Air India,AI 2822,2026-09-12,7,economy,,,20796.0,False,09:35,ok,2026-09-05T15:58:59.553927+05:30,2026-09-05_1558IST,airline_direct,Air India
DEL,BOM,AI,Air India,AI 2678,2026-09-20,15,economy,,,6580.0,False,08:30,ok,2026-09-05T16:00:06.837319+05:30,2026-09-05_1600IST,airline_direct,Air India
DEL,BOM,AI,Air India,AI 2963,2026-09-20,15,economy,,,6580.0,False,09:00,ok,2026-09-05T16:00:06.837319+05:30,2026-09-05_1600IST,airline_direct,Air India
DEL,BOM,AI,Air India,AI 1745,2026-09-20,15,economy,,,6580.0,False,05:00,ok,2026-09-05T16:00:06.837319+05:30,2026-09-05_1600IST,airline_direct,Air India
DEL,BOM,AI,Air India,AI 2975,2026-09-20,15,economy,,,6580.0,False,06:30,ok,2026-09-05T16:00:06.837319+05:30,2026-09-05_1600IST,airline_direct,Air India
DEL,BOM,AI,Air India,AI 2425,2026-09-20,15,economy,,,6580.0,False,10:30,ok,2026-09-05T16:00:06.837319+05:30,2026-09-05_1600IST,airline_direct,Air India
DEL,BOM,AI,Air India,AI 2941,2026-09-20,15,economy,,,7210.0,False,16:30,ok,2026-09-05T16:00:06.837319+05:30,2026-09-05_1600IST,airline_direct,Air India
DEL,BOM,AI,Air India,AI 2981,2026-09-20,15,economy,,,7714.0,False,21:00,ok,2026-09-05T16:00:06.837319+05:30,2026-09-05_1600IST,airline_direct,Air India
DEL,BOM,AI,Air India,AI 2951,2026-09-20,15,economy,,,9568.0,False,13:30,ok,2026-09-05T16:00:06.837319+05:30,2026-09-05_1600IST,airline_direct,Air India
DEL,BOM,AI,Air India,AI 2429,2026-09-20,15,economy,,,6580.0,False,07:00,ok,2026-09-05T16:00:06.837319+05:30,2026-09-05_1600IST,airline_direct,Air India
DEL,BOM,AI,Air India,AI 2943,2026-09-20,15,economy,,,6580.0,False,07:30,ok,2026-09-05T16:00:06.837319+05:30,2026-09-05_1600IST,airline_direct,Air India
DEL,BOM,AI,Air India,AI 2995,2026-09-20,15,economy,,,6580.0,False,10:00,ok,2026-09-05T16:00:06.837319+05:30,2026-09-05_1600IST,airline_direct,Air India
DEL,BOM,AI,Air India,AI 2945,2026-09-20,15,economy,,,6949.0,False,11:00,ok,2026-09-05T16:00:06.837319+05:30,2026-09-05_1600IST,airline_direct,Air India
DEL,BOM,AI,Air India,AI 441,2026-09-20,15,economy,,,6949.0,False,17:00,ok,2026-09-05T16:00:06.837319+05:30,2026-09-05_1600IST,airline_direct,Air India
DEL,BOM,AI,Air India,AI 2985,2026-09-20,15,economy,,,6949.0,False,19:30,ok,2026-09-05T16:00:06.837319+05:30,2026-09-05_1600IST,airline_direct,Air India
DEL,BOM,AI,Air India,AI 2805,2026-09-20,15,economy,,,6949.0,False,20:00,ok,2026-09-05T16:00:06.837319+05:30,2026-09-05_1600IST,airline_direct,Air India
DEL,BOM,AI,Air India,AI 1777,2026-09-20,15,economy,,,7177.0,False,16:00,ok,2026-09-05T16:00:06.837319+05:30,2026-09-05_1600IST,airline_direct,Air India
DEL,BOM,AI,Air India,AI 1785,2026-09-20,15,economy,,,7210.0,False,12:00,ok,2026-09-05T16:00:06.837319+05:30,2026-09-05_1600IST,airline_direct,Air India
DEL,BOM,AI,Air India,AI 2977,2026-09-20,15,economy,,,7349.0,False,19:00,ok,2026-09-05T16:00:06.837319+05:30,2026-09-05_1600IST,airline_direct,Air India
DEL,BOM,AI,Air India,AI 2955,2026-09-20,15,economy,,,7629.0,False,18:00,ok,2026-09-05T16:00:06.837319+05:30,2026-09-05_1600IST,airline_direct,Air India
DEL,BOM,AI,Air India,AI 2439,2026-09-20,15,economy,,,9818.0,False,23:00,ok,2026-09-05T16:00:06.837319+05:30,2026-09-05_1600IST,airline_direct,Air India
DEL,BOM,AI,Air India,AI 2933,2026-09-20,15,economy,,,10231.0,False,15:30,ok,2026-09-05T16:00:06.837319+05:30,2026-09-05_1600IST,airline_direct,Air India
DEL,BOM,IX,Air India Express,AI 9484,2026-09-20,15,economy,,,6678.0,False,23:25,ok,2026-09-05T16:00:06.837319+05:30,2026-09-05_1600IST,airline_direct,Air India
DEL,BOM,AI,Air India,AI 2927,2026-09-20,15,economy,,,6580.0,False,09:30,ok,2026-09-05T16:00:06.837319+05:30,2026-09-05_1600IST,airline_direct,Air India
DEL,BOM,IX,Air India Express,AI 9486,2026-09-20,15,economy,,,6577.0,False,05:35,ok,2026-09-05T16:00:06.837319+05:30,2026-09-05_1600IST,airline_direct,Air India
DEL,BOM,AI,Air India,AI 2957,2026-09-20,15,economy,,,6949.0,False,20:30,ok,2026-09-05T16:00:06.837319+05:30,2026-09-05_1600IST,airline_direct,Air India
DEL,BOM,AI,Air India,AI 1780,2026-09-20,15,economy,,,6739.0,False,16:10,ok,2026-09-05T16:00:06.837319+05:30,2026-09-05_1600IST,airline_direct,Air India
DEL,BLR,AI,Air India,none,2026-09-20,15,economy,,,,False,unknown,parse_error,2026-09-05T16:01:05.146602+05:30,2026-09-05_1601IST,airline_direct,Air India
BOM,BLR,AI,Air India,AI 2603,2026-09-20,15,economy,,,7112.0,False,06:35,ok,2026-09-05T16:02:26.624498+05:30,2026-09-05_1602IST,airline_direct,Air India
BOM,BLR,AI,Air India,AI 3305,2026-09-20,15,economy,,,8162.0,False,23:40,ok,2026-09-05T16:02:26.624498+05:30,2026-09-05_1602IST,airline_direct,Air India
BOM,BLR,AI,Air India,AI 2401,2026-09-20,15,economy,,,8582.0,False,20:45,ok,2026-09-05T16:02:26.624498+05:30,2026-09-05_1602IST,airline_direct,Air India
BOM,BLR,AI,Air India,AI 2812,2026-09-20,15,economy,,,6350.0,False,02:05,ok,2026-09-05T16:02:26.624498+05:30,2026-09-05_1602IST,airline_direct,Air India
BOM,BLR,AI,Air India,AI 2410,2026-09-20,15,economy,,,6350.0,False,05:30,ok,2026-09-05T16:02:26.624498+05:30,2026-09-05_1602IST,airline_direct,Air India
BOM,BLR,AI,Air India,AI 2857,2026-09-20,15,economy,,,8302.0,False,23:30,ok,2026-09-05T16:02:26.624498+05:30,2026-09-05_1602IST,airline_direct,Air India
BOM,BLR,AI,Air India,AI 2865,2026-09-20,15,economy,,,8582.0,False,19:45,ok,2026-09-05T16:02:26.624498+05:30,2026-09-05_1602IST,airline_direct,Air India
BOM,BLR,AI,Air India,AI 2863,2026-09-20,15,economy,,,8878.0,False,10:00,ok,2026-09-05T16:02:26.624498+05:30,2026-09-05_1602IST,airline_direct,Air India
BOM,BLR,AI,Air India,AI 2632,2026-09-20,15,economy,,,10614.0,False,12:00,ok,2026-09-05T16:02:26.624498+05:30,2026-09-05_1602IST,airline_direct,Air India
BOM,BLR,AI,Air India,AI 2849,2026-09-20,15,economy,,,10798.0,False,17:30,ok,2026-09-05T16:02:26.624498+05:30,2026-09-05_1602IST,airline_direct,Air India
BOM,BLR,AI,Air India,AI 2641,2026-09-20,15,economy,,,10798.0,False,18:30,ok,2026-09-05T16:02:26.624498+05:30,2026-09-05_1602IST,airline_direct,Air India
BOM,BLR,AI,Air India,AI 2851,2026-09-20,15,economy,,,7467.0,False,07:55,ok,2026-09-05T16:02:26.624498+05:30,2026-09-05_1602IST,airline_direct,Air India
BOM,BLR,AI,Air India,AI 2853,2026-09-20,15,economy,,,10798.0,False,15:25,ok,2026-09-05T16:02:26.624498+05:30,2026-09-05_1602IST,airline_direct,Air India
BOM,BLR,AI,Air India,AI 2930,2026-09-20,15,economy,,,21941.0,False,07:30,ok,2026-09-05T16:02:26.624498+05:30,2026-09-05_1602IST,airline_direct,Air India
BOM,BLR,AI,Air India,AI 2928,2026-09-20,15,economy,,,18120.0,False,06:30,ok,2026-09-05T16:02:26.624498+05:30,2026-09-05_1602IST,airline_direct,Air India
BOM,BLR,AI,Air India,AI 2677,2026-09-20,15,economy,,,22155.0,False,13:00,ok,2026-09-05T16:02:26.624498+05:30,2026-09-05_1602IST,airline_direct,Air India
BOM,BLR,AI,Air India,AI 2422,2026-09-20,15,economy,,,15037.0,False,01:00,ok,2026-09-05T16:02:26.624498+05:30,2026-09-05_1602IST,airline_direct,Air India
DEL,CCU,AI,Air India,AI 2535,2026-09-20,15,economy,,,11425.0,False,06:40,ok,2026-09-05T16:03:26.404878+05:30,2026-09-05_1603IST,airline_direct,Air India
DEL,CCU,AI,Air India,AI 2709,2026-09-20,15,economy,,,12430.0,False,19:40,ok,2026-09-05T16:03:26.404878+05:30,2026-09-05_1603IST,airline_direct,Air India
DEL,CCU,AI,Air India,AI 2702,2026-09-20,15,economy,,,8763.0,False,02:30,ok,2026-09-05T16:03:26.404878+05:30,2026-09-05_1603IST,airline_direct,Air India
DEL,CCU,AI,Air India,AI 1714,2026-09-20,15,economy,,,9078.0,False,21:00,ok,2026-09-05T16:03:26.404878+05:30,2026-09-05_1603IST,airline_direct,Air India
DEL,CCU,AI,Air India,AI 2767,2026-09-20,15,economy,,,9237.0,False,13:00,ok,2026-09-05T16:03:26.404878+05:30,2026-09-05_1603IST,airline_direct,Air India
DEL,CCU,AI,Air India,AI 1733,2026-09-20,15,economy,,,9237.0,False,16:15,ok,2026-09-05T16:03:26.404878+05:30,2026-09-05_1603IST,airline_direct,Air India
DEL,CCU,AI,Air India,AI 2705,2026-09-20,15,economy,,,11631.0,False,07:30,ok,2026-09-05T16:03:26.404878+05:30,2026-09-05_1603IST,airline_direct,Air India
DEL,CCU,AI,Air India,AI 1791,2026-09-20,15,economy,,,11631.0,False,09:55,ok,2026-09-05T16:03:26.404878+05:30,2026-09-05_1603IST,airline_direct,Air India
DEL,CCU,AI,Air India,AI 2707,2026-09-20,15,economy,,,12208.0,False,18:00,ok,2026-09-05T16:03:26.404878+05:30,2026-09-05_1603IST,airline_direct,Air India
DEL,CCU,AI,Air India,AI 2678,2026-09-20,15,economy,,,16538.0,False,08:30,ok,2026-09-05T16:03:26.404878+05:30,2026-09-05_1603IST,airline_direct,Air India
DEL,CCU,IX,Air India Express,AI 2487,2026-09-20,15,economy,,,20056.0,False,18:30,ok,2026-09-05T16:03:26.404878+05:30,2026-09-05_1603IST,airline_direct,Air India
DEL,CCU,AI,Air India,AI 2951,2026-09-20,15,economy,,,22336.0,False,13:30,ok,2026-09-05T16:03:26.404878+05:30,2026-09-05_1603IST,airline_direct,Air India
DEL,CCU,IX,Air India Express,AI 537,2026-09-20,15,economy,,,17782.0,False,15:45,ok,2026-09-05T16:03:26.404878+05:30,2026-09-05_1603IST,airline_direct,Air India
DEL,CCU,AI,Air India,AI 2943,2026-09-20,15,economy,,,12858.0,False,07:30,ok,2026-09-05T16:03:26.404878+05:30,2026-09-05_1603IST,airline_direct,Air India
DEL,CCU,AI,Air India,AI 441,2026-09-20,15,economy,,,12858.0,False,17:00,ok,2026-09-05T16:03:26.404878+05:30,2026-09-05_1603IST,airline_direct,Air India
DEL,CCU,IX,Air India Express,AI 1755,2026-09-20,15,economy,,,15752.0,False,14:30,ok,2026-09-05T16:03:26.404878+05:30,2026-09-05_1603IST,airline_direct,Air India
DEL,CCU,AI,Air India,AI 2429,2026-09-20,15,economy,,,12858.0,False,07:00,ok,2026-09-05T16:03:26.404878+05:30,2026-09-05_1603IST,airline_direct,Air India
DEL,CCU,AI,Air India,AI 2941,2026-09-20,15,economy,,,16151.0,False,16:30,ok,2026-09-05T16:03:26.404878+05:30,2026-09-05_1603IST,airline_direct,Air India
DEL,CCU,AI,Air India,AI 1785,2026-09-20,15,economy,,,16151.0,False,12:00,ok,2026-09-05T16:03:26.404878+05:30,2026-09-05_1603IST,airline_direct,Air India
DEL,CCU,AI,Air India,AI 2975,2026-09-20,15,economy,,,16538.0,False,06:30,ok,2026-09-05T16:03:26.404878+05:30,2026-09-05_1603IST,airline_direct,Air India
BLR,HYD,IX,Air India Express,AI 9566,2026-09-20,15,economy,,,7514.0,False,19:15,ok,2026-09-05T16:04:17.364300+05:30,2026-09-05_1604IST,airline_direct,Air India
BLR,HYD,IX,Air India Express,AI 9570,2026-09-20,15,economy,,,4388.0,False,06:05,ok,2026-09-05T16:04:17.364300+05:30,2026-09-05_1604IST,airline_direct,Air India
BLR,HYD,IX,Air India Express,AI 9572,2026-09-20,15,economy,,,8880.0,False,12:30,ok,2026-09-05T16:04:17.364300+05:30,2026-09-05_1604IST,airline_direct,Air India
BLR,HYD,IX,Air India Express,AI 9568,2026-09-20,15,economy,,,8880.0,False,17:15,ok,2026-09-05T16:04:17.364300+05:30,2026-09-05_1604IST,airline_direct,Air India
BLR,HYD,IX,Air India Express,AI 9840,2026-09-20,15,economy,,,5456.0,False,06:10,ok,2026-09-05T16:04:17.364300+05:30,2026-09-05_1604IST,airline_direct,Air India
BLR,HYD,AI,Air India,AI 2630,2026-09-20,15,economy,,,19629.0,False,12:05,ok,2026-09-05T16:04:17.364300+05:30,2026-09-05_1604IST,airline_direct,Air India
BLR,HYD,AI,Air India,AI 2854,2026-09-20,15,economy,,,16082.0,False,18:05,ok,2026-09-05T16:04:17.364300+05:30,2026-09-05_1604IST,airline_direct,Air India
BLR,HYD,AI,Air India,AI 2858,2026-09-20,15,economy,,,10947.0,False,02:20,ok,2026-09-05T16:04:17.364300+05:30,2026-09-05_1604IST,airline_direct,Air India
BLR,HYD,AI,Air India,AI 2402,2026-09-20,15,economy,,,15185.0,False,06:35,ok,2026-09-05T16:04:17.364300+05:30,2026-09-05_1604IST,airline_direct,Air India
BLR,HYD,AI,Air India,AI 2810,2026-09-20,15,economy,,,19370.0,False,06:00,ok,2026-09-05T16:04:17.364300+05:30,2026-09-05_1604IST,airline_direct,Air India
BLR,HYD,AI,Air India,AI 2802,2026-09-20,15,economy,,,20168.0,False,18:20,ok,2026-09-05T16:04:17.364300+05:30,2026-09-05_1604IST,airline_direct,Air India
BLR,HYD,AI,Air India,AI 2852,2026-09-20,15,economy,,,17204.0,False,10:30,ok,2026-09-05T16:04:17.364300+05:30,2026-09-05_1604IST,airline_direct,Air India
BLR,HYD,AI,Air India,AI 2418,2026-09-20,15,economy,,,20606.0,False,16:30,ok,2026-09-05T16:04:17.364300+05:30,2026-09-05_1604IST,airline_direct,Air India
BLR,HYD,AI,Air India,AI 2486,2026-09-20,15,economy,,,22229.0,False,14:00,ok,2026-09-05T16:04:17.364300+05:30,2026-09-05_1604IST,airline_direct,Air India
BLR,HYD,AI,Air India,AI 2414,2026-09-20,15,economy,,,19370.0,False,05:30,ok,2026-09-05T16:04:17.364300+05:30,2026-09-05_1604IST,airline_direct,Air India
BLR,HYD,IX,Air India Express,AI 9480,2026-09-20,15,economy,,,5981.0,False,08:40,ok,2026-09-05T16:04:17.364300+05:30,2026-09-05_1604IST,airline_direct,Air India
BLR,HYD,AI,Air India,AI 2804,2026-09-20,15,economy,,,20601.0,False,10:00,ok,2026-09-05T16:04:17.364300+05:30,2026-09-05_1604IST,airline_direct,Air India
BLR,HYD,AI,Air India,AI 2810,2026-09-20,15,economy,,,19189.0,False,06:00,ok,2026-09-05T16:04:17.364300+05:30,2026-09-05_1604IST,airline_direct,Air India
BLR,HYD,AI,Air India,AI 2511,2026-09-20,15,economy,,,21051.0,False,15:00,ok,2026-09-05T16:04:17.364300+05:30,2026-09-05_1604IST,airline_direct,Air India
MAA,DEL,AI,Air India,AI 538,2026-09-20,15,economy,,,10180.0,False,20:10,ok,2026-09-05T16:05:14.784471+05:30,2026-09-05_1605IST,airline_direct,Air India
MAA,DEL,AI,Air India,AI 2468,2026-09-20,15,economy,,,11164.0,False,14:00,ok,2026-09-05T16:05:14.784471+05:30,2026-09-05_1605IST,airline_direct,Air India
MAA,DEL,AI,Air India,AI 2886,2026-09-20,15,economy,,,16637.0,False,06:55,ok,2026-09-05T16:05:14.784471+05:30,2026-09-05_1605IST,airline_direct,Air India
MAA,DEL,AI,Air India,AI 2484,2026-09-20,15,economy,,,10180.0,False,16:20,ok,2026-09-05T16:05:14.784471+05:30,2026-09-05_1605IST,airline_direct,Air India
MAA,DEL,AI,Air India,AI 2836,2026-09-20,15,economy,,,17083.0,False,11:00,ok,2026-09-05T16:05:14.784471+05:30,2026-09-05_1605IST,airline_direct,Air India
MAA,DEL,IX,Air India Express,AI 9971,2026-09-20,15,economy,,,14389.0,False,16:30,ok,2026-09-05T16:05:14.784471+05:30,2026-09-05_1605IST,airline_direct,Air India
MAA,DEL,IX,Air India Express,AI 9763,2026-09-20,15,economy,,,14241.0,False,08:55,ok,2026-09-05T16:05:14.784471+05:30,2026-09-05_1605IST,airline_direct,Air India
MAA,DEL,AI,Air India,AI 2779,2026-09-20,15,economy,,,17739.0,False,07:00,ok,2026-09-05T16:05:14.784471+05:30,2026-09-05_1605IST,airline_direct,Air India
MAA,DEL,AI,Air India,AI 640,2026-09-20,15,economy,,,18078.0,False,17:00,ok,2026-09-05T16:05:14.784471+05:30,2026-09-05_1605IST,airline_direct,Air India
MAA,DEL,IX,Air India Express,AI 9427,2026-09-20,15,economy,,,12976.0,False,06:30,ok,2026-09-05T16:05:14.784471+05:30,2026-09-05_1605IST,airline_direct,Air India
MAA,DEL,IX,Air India Express,AI 9483,2026-09-20,15,economy,,,13462.0,False,07:25,ok,2026-09-05T16:05:14.784471+05:30,2026-09-05_1605IST,airline_direct,Air India
MAA,DEL,AI,Air India,AI 2822,2026-09-20,15,economy,,,27341.0,False,09:35,ok,2026-09-05T16:05:14.784471+05:30,2026-09-05_1605IST,airline_direct,Air India
MAA,DEL,AI,Air India,AI 2740,2026-09-20,15,economy,,,21865.0,False,16:00,ok,2026-09-05T16:05:14.784471+05:30,2026-09-05_1605IST,airline_direct,Air India
MAA,DEL,AI,Air India,AI 640,2026-09-20,15,economy,,,18078.0,False,17:00,ok,2026-09-05T16:05:14.784471+05:30,2026-09-05_1605IST,airline_direct,Air India
MAA,DEL,AI,Air India,AI 2828,2026-09-20,15,economy,,,17739.0,False,05:55,ok,2026-09-05T16:05:14.784471+05:30,2026-09-05_1605IST,airline_direct,Air India
MAA,DEL,AI,Air India,AI 436,2026-09-20,15,economy,,,17908.0,False,21:10,ok,2026-09-05T16:05:14.784471+05:30,2026-09-05_1605IST,airline_direct,Air India
MAA,DEL,AI,Air India,AI 640,2026-09-20,15,economy,,,18078.0,False,17:00,ok,2026-09-05T16:05:14.784471+05:30,2026-09-05_1605IST,airline_direct,Air India
MAA,DEL,AI,Air India,AI 2779,2026-09-20,15,economy,,,49302.0,False,07:00,ok,2026-09-05T16:05:14.784471+05:30,2026-09-05_1605IST,airline_direct,Air India
MAA,DEL,AI,Air India,AI 2779,2026-09-20,15,economy,,,20796.0,False,07:00,ok,2026-09-05T16:05:14.784471+05:30,2026-09-05_1605IST,airline_direct,Air India
MAA,DEL,AI,Air India,AI 2822,2026-09-20,15,economy,,,21112.0,False,09:35,ok,2026-09-05T16:05:14.784471+05:30,2026-09-05_1605IST,airline_direct,Air India
DEL,BOM,AI,Air India,AI 2963,2026-10-05,30,economy,,,6580.0,False,09:00,ok,2026-09-05T16:06:11.417728+05:30,2026-09-05_1606IST,airline_direct,Air India
DEL,BOM,AI,Air India,AI 2678,2026-10-05,30,economy,,,6739.0,False,08:30,ok,2026-09-05T16:06:11.417728+05:30,2026-09-05_1606IST,airline_direct,Air India
DEL,BOM,AI,Air India,AI 2425,2026-10-05,30,economy,,,6580.0,False,10:30,ok,2026-09-05T16:06:11.417728+05:30,2026-09-05_1606IST,airline_direct,Air India
DEL,BOM,AI,Air India,AI 2951,2026-10-05,30,economy,,,6739.0,False,13:30,ok,2026-09-05T16:06:11.417728+05:30,2026-09-05_1606IST,airline_direct,Air India
DEL,BOM,AI,Air India,AI 2981,2026-10-05,30,economy,,,6739.0,False,21:00,ok,2026-09-05T16:06:11.417728+05:30,2026-09-05_1606IST,airline_direct,Air India
DEL,BOM,AI,Air India,AI 2975,2026-10-05,30,economy,,,6949.0,False,06:30,ok,2026-09-05T16:06:11.417728+05:30,2026-09-05_1606IST,airline_direct,Air India
DEL,BOM,IX,Air India Express,AI 9486,2026-10-05,30,economy,,,6524.0,False,17:50,ok,2026-09-05T16:06:11.417728+05:30,2026-09-05_1606IST,airline_direct,Air India
DEL,BOM,AI,Air India,AI 2995,2026-10-05,30,economy,,,6580.0,False,10:00,ok,2026-09-05T16:06:11.417728+05:30,2026-09-05_1606IST,airline_direct,Air India
DEL,BOM,AI,Air India,AI 2945,2026-10-05,30,economy,,,6580.0,False,11:00,ok,2026-09-05T16:06:11.417728+05:30,2026-09-05_1606IST,airline_direct,Air India
DEL,BOM,AI,Air India,AI 2441,2026-10-05,30,economy,,,6580.0,False,14:10,ok,2026-09-05T16:06:11.417728+05:30,2026-09-05_1606IST,airline_direct,Air India
DEL,BOM,AI,Air India,AI 2933,2026-10-05,30,economy,,,6580.0,False,15:30,ok,2026-09-05T16:06:11.417728+05:30,2026-09-05_1606IST,airline_direct,Air India
DEL,BOM,AI,Air India,AI 441,2026-10-05,30,economy,,,6580.0,False,17:00,ok,2026-09-05T16:06:11.417728+05:30,2026-09-05_1606IST,airline_direct,Air India
DEL,BOM,AI,Air India,AI 2805,2026-10-05,30,economy,,,6580.0,False,20:00,ok,2026-09-05T16:06:11.417728+05:30,2026-09-05_1606IST,airline_direct,Air India
DEL,BOM,AI,Air India,AI 1745,2026-10-05,30,economy,,,6739.0,False,05:00,ok,2026-09-05T16:06:11.417728+05:30,2026-09-05_1606IST,airline_direct,Air India
DEL,BOM,AI,Air India,AI 2999,2026-10-05,30,economy,,,6739.0,False,22:00,ok,2026-09-05T16:06:11.417728+05:30,2026-09-05_1606IST,airline_direct,Air India
DEL,BOM,AI,Air India,AI 1777,2026-10-05,30,economy,,,6741.0,False,16:00,ok,2026-09-05T16:06:11.417728+05:30,2026-09-05_1606IST,airline_direct,Air India
DEL,BOM,AI,Air India,AI 2985,2026-10-05,30,economy,,,6741.0,False,19:30,ok,2026-09-05T16:06:11.417728+05:30,2026-09-05_1606IST,airline_direct,Air India
DEL,BOM,AI,Air India,AI 2439,2026-10-05,30,economy,,,6848.0,False,23:00,ok,2026-09-05T16:06:11.417728+05:30,2026-09-05_1606IST,airline_direct,Air India
DEL,BOM,AI,Air India,AI 2977,2026-10-05,30,economy,,,7007.0,False,19:00,ok,2026-09-05T16:06:11.417728+05:30,2026-09-05_1606IST,airline_direct,Air India
DEL,BOM,AI,Air India,AI 2955,2026-10-05,30,economy,,,7069.0,False,18:00,ok,2026-09-05T16:06:11.417728+05:30,2026-09-05_1606IST,airline_direct,Air India
DEL,BOM,AI,Air India,AI 2429,2026-10-05,30,economy,,,7120.0,False,07:00,ok,2026-09-05T16:06:11.417728+05:30,2026-09-05_1606IST,airline_direct,Air India
DEL,BOM,AI,Air India,AI 2943,2026-10-05,30,economy,,,7120.0,False,07:30,ok,2026-09-05T16:06:11.417728+05:30,2026-09-05_1606IST,airline_direct,Air India
DEL,BOM,IX,Air India Express,AI 9484,2026-10-05,30,economy,,,6524.0,False,23:25,ok,2026-09-05T16:06:11.417728+05:30,2026-09-05_1606IST,airline_direct,Air India
DEL,BOM,AI,Air India,AI 2927,2026-10-05,30,economy,,,6580.0,False,09:30,ok,2026-09-05T16:06:11.417728+05:30,2026-09-05_1606IST,airline_direct,Air India
DEL,BOM,AI,Air India,AI 2957,2026-10-05,30,economy,,,6580.0,False,20:30,ok,2026-09-05T16:06:11.417728+05:30,2026-09-05_1606IST,airline_direct,Air India
DEL,BOM,AI,Air India,AI 1780,2026-10-05,30,economy,,,9968.0,False,14:30,ok,2026-09-05T16:06:11.417728+05:30,2026-09-05_1606IST,airline_direct,Air India
DEL,BLR,AI,Air India,none,2026-10-05,30,economy,,,,False,unknown,parse_error,2026-09-05T16:07:10.857765+05:30,2026-09-05_1607IST,airline_direct,Air India
BOM,BLR,AI,Air India,AI 2401,2026-10-05,30,economy,,,7112.0,False,20:45,ok,2026-09-05T16:08:26.581023+05:30,2026-09-05_1608IST,airline_direct,Air India
BOM,BLR,AI,Air India,AI 2603,2026-10-05,30,economy,,,7349.0,False,06:35,ok,2026-09-05T16:08:26.581023+05:30,2026-09-05_1608IST,airline_direct,Air India
BOM,BLR,AI,Air India,AI 2865,2026-10-05,30,economy,,,7112.0,False,19:45,ok,2026-09-05T16:08:26.581023+05:30,2026-09-05_1608IST,airline_direct,Air India
BOM,BLR,AI,Air India,AI 2863,2026-10-05,30,economy,,,7349.0,False,10:00,ok,2026-09-05T16:08:26.581023+05:30,2026-09-05_1608IST,airline_direct,Air India
BOM,BLR,AI,Air India,AI 2812,2026-10-05,30,economy,,,7427.0,False,02:05,ok,2026-09-05T16:08:26.581023+05:30,2026-09-05_1608IST,airline_direct,Air India
BOM,BLR,AI,Air India,AI 2857,2026-10-05,30,economy,,,7427.0,False,23:30,ok,2026-09-05T16:08:26.581023+05:30,2026-09-05_1608IST,airline_direct,Air India
BOM,BLR,AI,Air India,AI 2845,2026-10-05,30,economy,,,7552.0,False,05:30,ok,2026-09-05T16:08:26.581023+05:30,2026-09-05_1608IST,airline_direct,Air India
BOM,BLR,AI,Air India,AI 2849,2026-10-05,30,economy,,,7677.0,False,17:30,ok,2026-09-05T16:08:26.581023+05:30,2026-09-05_1608IST,airline_direct,Air India
BOM,BLR,AI,Air India,AI 2641,2026-10-05,30,economy,,,7677.0,False,18:30,ok,2026-09-05T16:08:26.581023+05:30,2026-09-05_1608IST,airline_direct,Air India
BOM,BLR,AI,Air India,AI 2632,2026-10-05,30,economy,,,7873.0,False,12:00,ok,2026-09-05T16:08:26.581023+05:30,2026-09-05_1608IST,airline_direct,Air India
BOM,BLR,AI,Air India,AI 2851,2026-10-05,30,economy,,,7585.0,False,07:55,ok,2026-09-05T16:08:26.581023+05:30,2026-09-05_1608IST,airline_direct,Air India
BOM,BLR,AI,Air India,AI 2853,2026-10-05,30,economy,,,8004.0,False,15:25,ok,2026-09-05T16:08:26.581023+05:30,2026-09-05_1608IST,airline_direct,Air India
BOM,BLR,IX,Air India Express,AI 2619,2026-10-05,30,economy,,,10868.0,False,18:00,ok,2026-09-05T16:08:26.581023+05:30,2026-09-05_1608IST,airline_direct,Air India
BOM,BLR,AI,Air India,AI 2928,2026-10-05,30,economy,,,17210.0,False,06:30,ok,2026-09-05T16:08:26.581023+05:30,2026-09-05_1608IST,airline_direct,Air India
BOM,BLR,AI,Air India,AI 816,2026-10-05,30,economy,,,15196.0,False,21:00,ok,2026-09-05T16:08:26.581023+05:30,2026-09-05_1608IST,airline_direct,Air India
BOM,BLR,AI,Air India,AI 2677,2026-10-05,30,economy,,,15979.0,False,13:00,ok,2026-09-05T16:08:26.581023+05:30,2026-09-05_1608IST,airline_direct,Air India
BOM,BLR,AI,Air India,AI 2422,2026-10-05,30,economy,,,18120.0,False,01:00,ok,2026-09-05T16:08:26.581023+05:30,2026-09-05_1608IST,airline_direct,Air India
DEL,CCU,AI,Air India,AI 2535,2026-10-05,30,economy,,,8763.0,False,06:40,ok,2026-09-05T16:09:29.987733+05:30,2026-09-05_1609IST,airline_direct,Air India
DEL,CCU,AI,Air India,AI 2709,2026-10-05,30,economy,,,8992.0,False,19:40,ok,2026-09-05T16:09:29.987733+05:30,2026-09-05_1609IST,airline_direct,Air India
DEL,CCU,AI,Air India,AI 2702,2026-10-05,30,economy,,,8763.0,False,02:30,ok,2026-09-05T16:09:29.987733+05:30,2026-09-05_1609IST,airline_direct,Air India
DEL,CCU,AI,Air India,AI 2705,2026-10-05,30,economy,,,8763.0,False,07:30,ok,2026-09-05T16:09:29.987733+05:30,2026-09-05_1609IST,airline_direct,Air India
DEL,CCU,AI,Air India,AI 1733,2026-10-05,30,economy,,,8763.0,False,16:15,ok,2026-09-05T16:09:29.987733+05:30,2026-09-05_1609IST,airline_direct,Air India
DEL,CCU,AI,Air India,AI 2707,2026-10-05,30,economy,,,8763.0,False,18:00,ok,2026-09-05T16:09:29.987733+05:30,2026-09-05_1609IST,airline_direct,Air India
DEL,CCU,AI,Air India,AI 1791,2026-10-05,30,economy,,,8992.0,False,09:55,ok,2026-09-05T16:09:29.987733+05:30,2026-09-05_1609IST,airline_direct,Air India
DEL,CCU,AI,Air India,AI 1714,2026-10-05,30,economy,,,8992.0,False,21:00,ok,2026-09-05T16:09:29.987733+05:30,2026-09-05_1609IST,airline_direct,Air India
DEL,CCU,AI,Air India,AI 2767,2026-10-05,30,economy,,,15074.0,False,13:00,ok,2026-09-05T16:09:29.987733+05:30,2026-09-05_1609IST,airline_direct,Air India
DEL,CCU,AI,Air India,AI 2678,2026-10-05,30,economy,,,16538.0,False,08:30,ok,2026-09-05T16:09:29.987733+05:30,2026-09-05_1609IST,airline_direct,Air India
DEL,CCU,AI,Air India,AI 2955,2026-10-05,30,economy,,,18199.0,False,18:00,ok,2026-09-05T16:09:29.987733+05:30,2026-09-05_1609IST,airline_direct,Air India
DEL,CCU,IX,Air India Express,AI 2525,2026-10-05,30,economy,,,21182.0,False,06:00,ok,2026-09-05T16:09:29.987733+05:30,2026-09-05_1609IST,airline_direct,Air India
DEL,CCU,IX,Air India Express,AI 9486,2026-10-05,30,economy,,,17040.0,False,17:50,ok,2026-09-05T16:09:29.987733+05:30,2026-09-05_1609IST,airline_direct,Air India
DEL,CCU,IX,Air India Express,AI 2487,2026-10-05,30,economy,,,19538.0,False,18:30,ok,2026-09-05T16:09:29.987733+05:30,2026-09-05_1609IST,airline_direct,Air India
DEL,CCU,AI,Air India,AI 2425,2026-10-05,30,economy,,,16151.0,False,10:30,ok,2026-09-05T16:09:29.987733+05:30,2026-09-05_1609IST,airline_direct,Air India
DEL,CCU,AI,Air India,AI 2951,2026-10-05,30,economy,,,16151.0,False,13:30,ok,2026-09-05T16:09:29.987733+05:30,2026-09-05_1609IST,airline_direct,Air India
DEL,CCU,IX,Air India Express,AI 537,2026-10-05,30,economy,,,16601.0,False,15:45,ok,2026-09-05T16:09:29.987733+05:30,2026-09-05_1609IST,airline_direct,Air India
DEL,CCU,IX,Air India Express,AI 2813,2026-10-05,30,economy,,,19538.0,False,18:00,ok,2026-09-05T16:09:29.987733+05:30,2026-09-05_1609IST,airline_direct,Air India
DEL,CCU,AI,Air India,AI 2943,2026-10-05,30,economy,,,12858.0,False,07:30,ok,2026-09-05T16:09:29.987733+05:30,2026-09-05_1609IST,airline_direct,Air India
DEL,CCU,AI,Air India,AI 2995,2026-10-05,30,economy,,,16151.0,False,10:00,ok,2026-09-05T16:09:29.987733+05:30,2026-09-05_1609IST,airline_direct,Air India
BLR,HYD,IX,Air India Express,AI 9564,2026-10-05,30,economy,,,4660.0,False,14:55,ok,2026-09-05T16:10:36.586281+05:30,2026-09-05_1610IST,airline_direct,Air India
BLR,HYD,IX,Air India Express,AI 9566,2026-10-05,30,economy,,,5453.0,False,19:05,ok,2026-09-05T16:10:36.586281+05:30,2026-09-05_1610IST,airline_direct,Air India
BLR,HYD,IX,Air India Express,AI 9570,2026-10-05,30,economy,,,4660.0,False,06:05,ok,2026-09-05T16:10:36.586281+05:30,2026-09-05_1610IST,airline_direct,Air India
BLR,HYD,IX,Air India Express,AI 9572,2026-10-05,30,economy,,,5144.0,False,12:30,ok,2026-09-05T16:10:36.586281+05:30,2026-09-05_1610IST,airline_direct,Air India
BLR,HYD,IX,Air India Express,AI 9568,2026-10-05,30,economy,,,4660.0,False,17:15,ok,2026-09-05T16:10:36.586281+05:30,2026-09-05_1610IST,airline_direct,Air India
BLR,HYD,AI,Air India,AI 2630,2026-10-05,30,economy,,,16157.0,False,12:05,ok,2026-09-05T16:10:36.586281+05:30,2026-09-05_1610IST,airline_direct,Air India
BLR,HYD,AI,Air India,AI 2854,2026-10-05,30,economy,,,13469.0,False,18:05,ok,2026-09-05T16:10:36.586281+05:30,2026-09-05_1610IST,airline_direct,Air India
BLR,HYD,AI,Air India,AI 2858,2026-10-05,30,economy,,,13660.0,False,02:20,ok,2026-09-05T16:10:36.586281+05:30,2026-09-05_1610IST,airline_direct,Air India
BLR,HYD,AI,Air India,AI 2402,2026-10-05,30,economy,,,14104.0,False,06:35,ok,2026-09-05T16:10:36.586281+05:30,2026-09-05_1610IST,airline_direct,Air India
BLR,HYD,AI,Air India,AI 428,2026-10-05,30,economy,,,18460.0,False,14:30,ok,2026-09-05T16:10:36.586281+05:30,2026-09-05_1610IST,airline_direct,Air India
BLR,HYD,AI,Air India,AI 2802,2026-10-05,30,economy,,,17416.0,False,18:20,ok,2026-09-05T16:10:36.586281+05:30,2026-09-05_1610IST,airline_direct,Air India
BLR,HYD,AI,Air India,AI 2810,2026-10-05,30,economy,,,18590.0,False,06:00,ok,2026-09-05T16:10:36.586281+05:30,2026-09-05_1610IST,airline_direct,Air India
BLR,HYD,AI,Air India,AI 2852,2026-10-05,30,economy,,,16913.0,False,10:30,ok,2026-09-05T16:10:36.586281+05:30,2026-09-05_1610IST,airline_direct,Air India
BLR,HYD,AI,Air India,AI 2418,2026-10-05,30,economy,,,17416.0,False,16:30,ok,2026-09-05T16:10:36.586281+05:30,2026-09-05_1610IST,airline_direct,Air India
BLR,HYD,AI,Air India,AI 2814,2026-10-05,30,economy,,,17876.0,False,22:00,ok,2026-09-05T16:10:36.586281+05:30,2026-09-05_1610IST,airline_direct,Air India
BLR,HYD,AI,Air India,AI 2486,2026-10-05,30,economy,,,18460.0,False,14:00,ok,2026-09-05T16:10:36.586281+05:30,2026-09-05_1610IST,airline_direct,Air India
BLR,HYD,IX,Air India Express,AI 9480,2026-10-05,30,economy,,,5981.0,False,08:40,ok,2026-09-05T16:10:36.586281+05:30,2026-09-05_1610IST,airline_direct,Air India
BLR,HYD,AI,Air India,AI 2804,2026-10-05,30,economy,,,18216.0,False,10:00,ok,2026-09-05T16:10:36.586281+05:30,2026-09-05_1610IST,airline_direct,Air India
BLR,HYD,AI,Air India,AI 2810,2026-10-05,30,economy,,,18832.0,False,06:00,ok,2026-09-05T16:10:36.586281+05:30,2026-09-05_1610IST,airline_direct,Air India
MAA,DEL,AI,Air India,AI 538,2026-10-05,30,economy,,,10180.0,False,20:10,ok,2026-09-05T16:11:33.376267+05:30,2026-09-05_1611IST,airline_direct,Air India
MAA,DEL,AI,Air India,AI 2832,2026-10-05,30,economy,,,10395.0,False,06:55,ok,2026-09-05T16:11:33.376267+05:30,2026-09-05_1611IST,airline_direct,Air India
MAA,DEL,AI,Air India,AI 2526,2026-10-05,30,economy,,,10180.0,False,09:50,ok,2026-09-05T16:11:33.376267+05:30,2026-09-05_1611IST,airline_direct,Air India
MAA,DEL,AI,Air India,AI 2468,2026-10-05,30,economy,,,10180.0,False,14:00,ok,2026-09-05T16:11:33.376267+05:30,2026-09-05_1611IST,airline_direct,Air India
MAA,DEL,AI,Air India,AI 2836,2026-10-05,30,economy,,,10180.0,False,11:00,ok,2026-09-05T16:11:33.376267+05:30,2026-09-05_1611IST,airline_direct,Air India
MAA,DEL,AI,Air India,AI 2484,2026-10-05,30,economy,,,10890.0,False,16:20,ok,2026-09-05T16:11:33.376267+05:30,2026-09-05_1611IST,airline_direct,Air India
MAA,DEL,AI,Air India,AI 2886,2026-10-05,30,economy,,,11963.0,False,08:05,ok,2026-09-05T16:11:33.376267+05:30,2026-09-05_1611IST,airline_direct,Air India
MAA,DEL,AI,Air India,AI 2838,2026-10-05,30,economy,,,14563.0,False,21:40,ok,2026-09-05T16:11:33.376267+05:30,2026-09-05_1611IST,airline_direct,Air India
MAA,DEL,IX,Air India Express,AI 9971,2026-10-05,30,economy,,,13328.0,False,16:30,ok,2026-09-05T16:11:33.376267+05:30,2026-09-05_1611IST,airline_direct,Air India
MAA,DEL,IX,Air India Express,AI 9763,2026-10-05,30,economy,,,13328.0,False,08:55,ok,2026-09-05T16:11:33.376267+05:30,2026-09-05_1611IST,airline_direct,Air India
MAA,DEL,AI,Air India,AI 2779,2026-10-05,30,economy,,,21865.0,False,07:00,ok,2026-09-05T16:11:33.376267+05:30,2026-09-05_1611IST,airline_direct,Air India
MAA,DEL,IX,Air India Express,AI 9427,2026-10-05,30,economy,,,14961.0,False,06:30,ok,2026-09-05T16:11:33.376267+05:30,2026-09-05_1611IST,airline_direct,Air India
MAA,DEL,IX,Air India Express,AI 9483,2026-10-05,30,economy,,,13328.0,False,07:25,ok,2026-09-05T16:11:33.376267+05:30,2026-09-05_1611IST,airline_direct,Air India
MAA,DEL,AI,Air India,AI 2822,2026-10-05,30,economy,,,17739.0,False,09:35,ok,2026-09-05T16:11:33.376267+05:30,2026-09-05_1611IST,airline_direct,Air India
MAA,DEL,AI,Air India,AI 2740,2026-10-05,30,economy,,,17739.0,False,16:00,ok,2026-09-05T16:11:33.376267+05:30,2026-09-05_1611IST,airline_direct,Air India
MAA,DEL,AI,Air India,AI 640,2026-10-05,30,economy,,,17739.0,False,17:00,ok,2026-09-05T16:11:33.376267+05:30,2026-09-05_1611IST,airline_direct,Air India
MAA,DEL,AI,Air India,AI 2828,2026-10-05,30,economy,,,19210.0,False,05:55,ok,2026-09-05T16:11:33.376267+05:30,2026-09-05_1611IST,airline_direct,Air India
MAA,DEL,AI,Air India,AI 640,2026-10-05,30,economy,,,17739.0,False,17:00,ok,2026-09-05T16:11:33.376267+05:30,2026-09-05_1611IST,airline_direct,Air India
MAA,DEL,AI,Air India,AI 436,2026-10-05,30,economy,,,18247.0,False,21:05,ok,2026-09-05T16:11:33.376267+05:30,2026-09-05_1611IST,airline_direct,Air India
MAA,DEL,AI,Air India,AI 2740,2026-10-05,30,economy,,,17739.0,False,16:00,ok,2026-09-05T16:11:33.376267+05:30,2026-09-05_1611IST,airline_direct,Air India
DEL,BOM,AI,Air India,AI 2678,2026-10-20,45,economy,,,7069.0,False,08:30,ok,2026-09-05T16:12:40.237105+05:30,2026-09-05_1612IST,airline_direct,Air India
DEL,BOM,AI,Air India,AI 2963,2026-10-20,45,economy,,,7069.0,False,09:00,ok,2026-09-05T16:12:40.237105+05:30,2026-09-05_1612IST,airline_direct,Air India
DEL,BOM,AI,Air India,AI 2975,2026-10-20,45,economy,,,7069.0,False,06:30,ok,2026-09-05T16:12:40.237105+05:30,2026-09-05_1612IST,airline_direct,Air India
DEL,BOM,AI,Air India,AI 2425,2026-10-20,45,economy,,,7069.0,False,10:30,ok,2026-09-05T16:12:40.237105+05:30,2026-09-05_1612IST,airline_direct,Air India
DEL,BOM,AI,Air India,AI 2951,2026-10-20,45,economy,,,7069.0,False,13:30,ok,2026-09-05T16:12:40.237105+05:30,2026-09-05_1612IST,airline_direct,Air India
DEL,BOM,AI,Air India,AI 2981,2026-10-20,45,economy,,,7520.0,False,21:00,ok,2026-09-05T16:12:40.237105+05:30,2026-09-05_1612IST,airline_direct,Air India
DEL,BOM,IX,Air India Express,AI 9486,2026-10-20,45,economy,,,7237.0,False,17:50,ok,2026-09-05T16:12:40.237105+05:30,2026-09-05_1612IST,airline_direct,Air India
DEL,BOM,AI,Air India,AI 1745,2026-10-20,45,economy,,,7069.0,False,05:00,ok,2026-09-05T16:12:40.237105+05:30,2026-09-05_1612IST,airline_direct,Air India
DEL,BOM,AI,Air India,AI 2995,2026-10-20,45,economy,,,7069.0,False,10:00,ok,2026-09-05T16:12:40.237105+05:30,2026-09-05_1612IST,airline_direct,Air India
DEL,BOM,AI,Air India,AI 2945,2026-10-20,45,economy,,,7069.0,False,11:00,ok,2026-09-05T16:12:40.237105+05:30,2026-09-05_1612IST,airline_direct,Air India
DEL,BOM,AI,Air India,AI 2441,2026-10-20,45,economy,,,7069.0,False,14:10,ok,2026-09-05T16:12:40.237105+05:30,2026-09-05_1612IST,airline_direct,Air India
DEL,BOM,AI,Air India,AI 2933,2026-10-20,45,economy,,,7069.0,False,15:30,ok,2026-09-05T16:12:40.237105+05:30,2026-09-05_1612IST,airline_direct,Air India
DEL,BOM,AI,Air India,AI 441,2026-10-20,45,economy,,,7069.0,False,17:00,ok,2026-09-05T16:12:40.237105+05:30,2026-09-05_1612IST,airline_direct,Air India
DEL,BOM,AI,Air India,AI 2943,2026-10-20,45,economy,,,7245.0,False,07:30,ok,2026-09-05T16:12:40.237105+05:30,2026-09-05_1612IST,airline_direct,Air India
DEL,BOM,AI,Air India,AI 1785,2026-10-20,45,economy,,,7245.0,False,12:00,ok,2026-09-05T16:12:40.237105+05:30,2026-09-05_1612IST,airline_direct,Air India
DEL,BOM,AI,Air India,AI 1777,2026-10-20,45,economy,,,7245.0,False,16:00,ok,2026-09-05T16:12:40.237105+05:30,2026-09-05_1612IST,airline_direct,Air India
DEL,BOM,AI,Air India,AI 2439,2026-10-20,45,economy,,,7361.0,False,23:00,ok,2026-09-05T16:12:40.237105+05:30,2026-09-05_1612IST,airline_direct,Air India
DEL,BOM,AI,Air India,AI 2429,2026-10-20,45,economy,,,7520.0,False,07:00,ok,2026-09-05T16:12:40.237105+05:30,2026-09-05_1612IST,airline_direct,Air India
DEL,BOM,AI,Air India,AI 2999,2026-10-20,45,economy,,,7520.0,False,22:00,ok,2026-09-05T16:12:40.237105+05:30,2026-09-05_1612IST,airline_direct,Air India
DEL,BOM,AI,Air India,AI 2985,2026-10-20,45,economy,,,7709.0,False,19:30,ok,2026-09-05T16:12:40.237105+05:30,2026-09-05_1612IST,airline_direct,Air India
DEL,BOM,AI,Air India,AI 2433,2026-10-20,45,economy,,,7709.0,False,21:30,ok,2026-09-05T16:12:40.237105+05:30,2026-09-05_1612IST,airline_direct,Air India
DEL,BOM,AI,Air India,AI 2977,2026-10-20,45,economy,,,8023.0,False,19:00,ok,2026-09-05T16:12:40.237105+05:30,2026-09-05_1612IST,airline_direct,Air India
DEL,BOM,IX,Air India Express,AI 9484,2026-10-20,45,economy,,,7237.0,False,23:25,ok,2026-09-05T16:12:40.237105+05:30,2026-09-05_1612IST,airline_direct,Air India
DEL,BOM,AI,Air India,AI 2927,2026-10-20,45,economy,,,7069.0,False,09:30,ok,2026-09-05T16:12:40.237105+05:30,2026-09-05_1612IST,airline_direct,Air India
DEL,BOM,AI,Air India,AI 2957,2026-10-20,45,economy,,,7520.0,False,20:30,ok,2026-09-05T16:12:40.237105+05:30,2026-09-05_1612IST,airline_direct,Air India
DEL,BOM,AI,Air India,AI 1780,2026-10-20,45,economy,,,7069.0,False,14:30,ok,2026-09-05T16:12:40.237105+05:30,2026-09-05_1612IST,airline_direct,Air India
DEL,BLR,AI,Air India,none,2026-10-20,45,economy,,,,False,unknown,parse_error,2026-09-05T16:13:55.914819+05:30,2026-09-05_1613IST,airline_direct,Air India
BOM,BLR,AI,Air India,AI 2401,2026-10-20,45,economy,,,7429.0,False,20:45,ok,2026-09-05T16:15:12.341841+05:30,2026-09-05_1615IST,airline_direct,Air India
BOM,BLR,AI,Air India,AI 2603,2026-10-20,45,economy,,,7778.0,False,06:35,ok,2026-09-05T16:15:12.341841+05:30,2026-09-05_1615IST,airline_direct,Air India
BOM,BLR,AI,Air India,AI 2812,2026-10-20,45,economy,,,7132.0,False,02:05,ok,2026-09-05T16:15:12.341841+05:30,2026-09-05_1615IST,airline_direct,Air India
BOM,BLR,AI,Air India,AI 2845,2026-10-20,45,economy,,,7132.0,False,05:30,ok,2026-09-05T16:15:12.341841+05:30,2026-09-05_1615IST,airline_direct,Air India
BOM,BLR,AI,Air India,AI 2865,2026-10-20,45,economy,,,7132.0,False,19:45,ok,2026-09-05T16:15:12.341841+05:30,2026-09-05_1615IST,airline_direct,Air India
BOM,BLR,AI,Air India,AI 2863,2026-10-20,45,economy,,,7369.0,False,10:00,ok,2026-09-05T16:15:12.341841+05:30,2026-09-05_1615IST,airline_direct,Air India
BOM,BLR,AI,Air India,AI 2857,2026-10-20,45,economy,,,7525.0,False,23:30,ok,2026-09-05T16:15:12.341841+05:30,2026-09-05_1615IST,airline_direct,Air India
BOM,BLR,AI,Air India,AI 2632,2026-10-20,45,economy,,,8393.0,False,12:00,ok,2026-09-05T16:15:12.341841+05:30,2026-09-05_1615IST,airline_direct,Air India
BOM,BLR,AI,Air India,AI 2849,2026-10-20,45,economy,,,8681.0,False,17:30,ok,2026-09-05T16:15:12.341841+05:30,2026-09-05_1615IST,airline_direct,Air India
BOM,BLR,AI,Air India,AI 2641,2026-10-20,45,economy,,,9180.0,False,18:30,ok,2026-09-05T16:15:12.341841+05:30,2026-09-05_1615IST,airline_direct,Air India
BOM,BLR,AI,Air India,AI 2851,2026-10-20,45,economy,,,7489.0,False,07:55,ok,2026-09-05T16:15:12.341841+05:30,2026-09-05_1615IST,airline_direct,Air India
BOM,BLR,AI,Air India,AI 2853,2026-10-20,45,economy,,,7525.0,False,15:25,ok,2026-09-05T16:15:12.341841+05:30,2026-09-05_1615IST,airline_direct,Air India
BOM,BLR,IX,Air India Express,AI 435,2026-10-20,45,economy,,,11632.0,False,18:10,ok,2026-09-05T16:15:12.341841+05:30,2026-09-05_1615IST,airline_direct,Air India
BOM,BLR,IX,Air India Express,AI 2619,2026-10-20,45,economy,,,11674.0,False,18:00,ok,2026-09-05T16:15:12.341841+05:30,2026-09-05_1615IST,airline_direct,Air India
BOM,BLR,AI,Air India,AI 2930,2026-10-20,45,economy,,,17685.0,False,07:30,ok,2026-09-05T16:15:12.341841+05:30,2026-09-05_1615IST,airline_direct,Air India
BOM,BLR,AI,Air India,AI 2928,2026-10-20,45,economy,,,17223.0,False,06:30,ok,2026-09-05T16:15:12.341841+05:30,2026-09-05_1615IST,airline_direct,Air India
BOM,BLR,AI,Air India,AI 816,2026-10-20,45,economy,,,17046.0,False,21:00,ok,2026-09-05T16:15:12.341841+05:30,2026-09-05_1615IST,airline_direct,Air India
BOM,BLR,AI,Air India,AI 2677,2026-10-20,45,economy,,,18026.0,False,13:00,ok,2026-09-05T16:15:12.341841+05:30,2026-09-05_1615IST,airline_direct,Air India
DEL,CCU,AI,Air India,AI 2535,2026-10-20,45,economy,,,9972.0,False,06:40,ok,2026-09-05T16:16:20.764423+05:30,2026-09-05_1616IST,airline_direct,Air India
DEL,CCU,AI,Air India,AI 2709,2026-10-20,45,economy,,,14114.0,False,19:40,ok,2026-09-05T16:16:20.764423+05:30,2026-09-05_1616IST,airline_direct,Air India
DEL,CCU,AI,Air India,AI 2513,2026-10-20,45,economy,,,9078.0,False,12:10,ok,2026-09-05T16:16:20.764423+05:30,2026-09-05_1616IST,airline_direct,Air India
DEL,CCU,AI,Air India,AI 1791,2026-10-20,45,economy,,,9804.0,False,09:55,ok,2026-09-05T16:16:20.764423+05:30,2026-09-05_1616IST,airline_direct,Air India
DEL,CCU,AI,Air India,AI 2705,2026-10-20,45,economy,,,10693.0,False,07:30,ok,2026-09-05T16:16:20.764423+05:30,2026-09-05_1616IST,airline_direct,Air India
DEL,CCU,AI,Air India,AI 2702,2026-10-20,45,economy,,,11171.0,False,02:30,ok,2026-09-05T16:16:20.764423+05:30,2026-09-05_1616IST,airline_direct,Air India
DEL,CCU,AI,Air India,AI 2707,2026-10-20,45,economy,,,11171.0,False,18:00,ok,2026-09-05T16:16:20.764423+05:30,2026-09-05_1616IST,airline_direct,Air India
DEL,CCU,AI,Air India,AI 2767,2026-10-20,45,economy,,,12453.0,False,13:00,ok,2026-09-05T16:16:20.764423+05:30,2026-09-05_1616IST,airline_direct,Air India
DEL,CCU,AI,Air India,AI 1714,2026-10-20,45,economy,,,13513.0,False,21:00,ok,2026-09-05T16:16:20.764423+05:30,2026-09-05_1616IST,airline_direct,Air India
DEL,CCU,AI,Air India,AI 1733,2026-10-20,45,economy,,,13994.0,False,16:15,ok,2026-09-05T16:16:20.764423+05:30,2026-09-05_1616IST,airline_direct,Air India
DEL,CCU,AI,Air India,AI 2678,2026-10-20,45,economy,,,17733.0,False,08:30,ok,2026-09-05T16:16:20.764423+05:30,2026-09-05_1616IST,airline_direct,Air India
DEL,CCU,IX,Air India Express,AI 2525,2026-10-20,45,economy,,,16327.0,False,06:00,ok,2026-09-05T16:16:20.764423+05:30,2026-09-05_1616IST,airline_direct,Air India
DEL,CCU,IX,Air India Express,AI 9486,2026-10-20,45,economy,,,16703.0,False,17:50,ok,2026-09-05T16:16:20.764423+05:30,2026-09-05_1616IST,airline_direct,Air India
DEL,CCU,IX,Air India Express,AI 2487,2026-10-20,45,economy,,,18945.0,False,18:30,ok,2026-09-05T16:16:20.764423+05:30,2026-09-05_1616IST,airline_direct,Air India
DEL,CCU,AI,Air India,AI 2425,2026-10-20,45,economy,,,17733.0,False,10:30,ok,2026-09-05T16:16:20.764423+05:30,2026-09-05_1616IST,airline_direct,Air India
DEL,CCU,AI,Air India,AI 2951,2026-10-20,45,economy,,,17733.0,False,13:30,ok,2026-09-05T16:16:20.764423+05:30,2026-09-05_1616IST,airline_direct,Air India
DEL,CCU,IX,Air India Express,AI 537,2026-10-20,45,economy,,,16327.0,False,15:45,ok,2026-09-05T16:16:20.764423+05:30,2026-09-05_1616IST,airline_direct,Air India
DEL,CCU,IX,Air India Express,AI 2813,2026-10-20,45,economy,,,18945.0,False,18:00,ok,2026-09-05T16:16:20.764423+05:30,2026-09-05_1616IST,airline_direct,Air India
DEL,CCU,AI,Air India,AI 2943,2026-10-20,45,economy,,,17733.0,False,07:30,ok,2026-09-05T16:16:20.764423+05:30,2026-09-05_1616IST,airline_direct,Air India
DEL,CCU,AI,Air India,AI 2995,2026-10-20,45,economy,,,17733.0,False,10:00,ok,2026-09-05T16:16:20.764423+05:30,2026-09-05_1616IST,airline_direct,Air India
BLR,HYD,IX,Air India Express,AI 9566,2026-10-20,45,economy,,,4896.0,False,19:05,ok,2026-09-05T16:17:29.155743+05:30,2026-09-05_1617IST,airline_direct,Air India
BLR,HYD,IX,Air India Express,AI 9564,2026-10-20,45,economy,,,5144.0,False,14:55,ok,2026-09-05T16:17:29.155743+05:30,2026-09-05_1617IST,airline_direct,Air India
BLR,HYD,IX,Air India Express,AI 9570,2026-10-20,45,economy,,,4660.0,False,06:05,ok,2026-09-05T16:17:29.155743+05:30,2026-09-05_1617IST,airline_direct,Air India
BLR,HYD,IX,Air India Express,AI 9572,2026-10-20,45,economy,,,5144.0,False,12:30,ok,2026-09-05T16:17:29.155743+05:30,2026-09-05_1617IST,airline_direct,Air India
BLR,HYD,IX,Air India Express,AI 9568,2026-10-20,45,economy,,,5453.0,False,17:15,ok,2026-09-05T16:17:29.155743+05:30,2026-09-05_1617IST,airline_direct,Air India
BLR,HYD,AI,Air India,AI 2630,2026-10-20,45,economy,,,15021.0,False,12:05,ok,2026-09-05T16:17:29.155743+05:30,2026-09-05_1617IST,airline_direct,Air India
BLR,HYD,AI,Air India,AI 2854,2026-10-20,45,economy,,,14642.0,False,18:05,ok,2026-09-05T16:17:29.155743+05:30,2026-09-05_1617IST,airline_direct,Air India
BLR,HYD,AI,Air India,AI 2858,2026-10-20,45,economy,,,13239.0,False,02:20,ok,2026-09-05T16:17:29.155743+05:30,2026-09-05_1617IST,airline_direct,Air India
BLR,HYD,AI,Air India,AI 2402,2026-10-20,45,economy,,,13639.0,False,06:35,ok,2026-09-05T16:17:29.155743+05:30,2026-09-05_1617IST,airline_direct,Air India
BLR,HYD,AI,Air India,AI 428,2026-10-20,45,economy,,,26155.0,False,14:30,ok,2026-09-05T16:17:29.155743+05:30,2026-09-05_1617IST,airline_direct,Air India
BLR,HYD,AI,Air India,AI 2810,2026-10-20,45,economy,,,20528.0,False,06:00,ok,2026-09-05T16:17:29.155743+05:30,2026-09-05_1617IST,airline_direct,Air India
BLR,HYD,AI,Air India,AI 2802,2026-10-20,45,economy,,,21186.0,False,18:20,ok,2026-09-05T16:17:29.155743+05:30,2026-09-05_1617IST,airline_direct,Air India
BLR,HYD,AI,Air India,AI 2852,2026-10-20,45,economy,,,15364.0,False,10:30,ok,2026-09-05T16:17:29.155743+05:30,2026-09-05_1617IST,airline_direct,Air India
BLR,HYD,AI,Air India,AI 2418,2026-10-20,45,economy,,,21186.0,False,16:30,ok,2026-09-05T16:17:29.155743+05:30,2026-09-05_1617IST,airline_direct,Air India
BLR,HYD,AI,Air India,AI 2814,2026-10-20,45,economy,,,23704.0,False,22:00,ok,2026-09-05T16:17:29.155743+05:30,2026-09-05_1617IST,airline_direct,Air India
BLR,HYD,AI,Air India,AI 2486,2026-10-20,45,economy,,,26155.0,False,14:00,ok,2026-09-05T16:17:29.155743+05:30,2026-09-05_1617IST,airline_direct,Air India
BLR,HYD,AI,Air India,AI 2414,2026-10-20,45,economy,,,20528.0,False,05:30,ok,2026-09-05T16:17:29.155743+05:30,2026-09-05_1617IST,airline_direct,Air India
BLR,HYD,IX,Air India Express,AI 9480,2026-10-20,45,economy,,,6181.0,False,08:40,ok,2026-09-05T16:17:29.155743+05:30,2026-09-05_1617IST,airline_direct,Air India
BLR,HYD,AI,Air India,AI 2804,2026-10-20,45,economy,,,19281.0,False,10:00,ok,2026-09-05T16:17:29.155743+05:30,2026-09-05_1617IST,airline_direct,Air India
MAA,DEL,AI,Air India,AI 538,2026-10-20,45,economy,,,10180.0,False,20:10,ok,2026-09-05T16:18:27.487504+05:30,2026-09-05_1618IST,airline_direct,Air India
MAA,DEL,AI,Air India,AI 2832,2026-10-20,45,economy,,,10180.0,False,06:55,ok,2026-09-05T16:18:27.487504+05:30,2026-09-05_1618IST,airline_direct,Air India
MAA,DEL,AI,Air India,AI 2526,2026-10-20,45,economy,,,10180.0,False,09:50,ok,2026-09-05T16:18:27.487504+05:30,2026-09-05_1618IST,airline_direct,Air India
MAA,DEL,AI,Air India,AI 2468,2026-10-20,45,economy,,,10180.0,False,14:00,ok,2026-09-05T16:18:27.487504+05:30,2026-09-05_1618IST,airline_direct,Air India
MAA,DEL,AI,Air India,AI 2886,2026-10-20,45,economy,,,10180.0,False,08:05,ok,2026-09-05T16:18:27.487504+05:30,2026-09-05_1618IST,airline_direct,Air India
MAA,DEL,AI,Air India,AI 2836,2026-10-20,45,economy,,,10180.0,False,11:00,ok,2026-09-05T16:18:27.487504+05:30,2026-09-05_1618IST,airline_direct,Air India
MAA,DEL,AI,Air India,AI 2838,2026-10-20,45,economy,,,10180.0,False,21:40,ok,2026-09-05T16:18:27.487504+05:30,2026-09-05_1618IST,airline_direct,Air India
MAA,DEL,AI,Air India,AI 2484,2026-10-20,45,economy,,,10433.0,False,16:20,ok,2026-09-05T16:18:27.487504+05:30,2026-09-05_1618IST,airline_direct,Air India
MAA,DEL,IX,Air India Express,AI 9971,2026-10-20,45,economy,,,14870.0,False,16:30,ok,2026-09-05T16:18:27.487504+05:30,2026-09-05_1618IST,airline_direct,Air India
MAA,DEL,IX,Air India Express,AI 9763,2026-10-20,45,economy,,,15711.0,False,08:55,ok,2026-09-05T16:18:27.487504+05:30,2026-09-05_1618IST,airline_direct,Air India
MAA,DEL,AI,Air India,AI 2779,2026-10-20,45,economy,,,19080.0,False,07:00,ok,2026-09-05T16:18:27.487504+05:30,2026-09-05_1618IST,airline_direct,Air India
MAA,DEL,IX,Air India Express,AI 9427,2026-10-20,45,economy,,,15045.0,False,06:30,ok,2026-09-05T16:18:27.487504+05:30,2026-09-05_1618IST,airline_direct,Air India
MAA,DEL,IX,Air India Express,AI 9483,2026-10-20,45,economy,,,14870.0,False,07:25,ok,2026-09-05T16:18:27.487504+05:30,2026-09-05_1618IST,airline_direct,Air India
MAA,DEL,AI,Air India,AI 2822,2026-10-20,45,economy,,,18837.0,False,09:35,ok,2026-09-05T16:18:27.487504+05:30,2026-09-05_1618IST,airline_direct,Air India
MAA,DEL,AI,Air India,AI 2740,2026-10-20,45,economy,,,18837.0,False,16:00,ok,2026-09-05T16:18:27.487504+05:30,2026-09-05_1618IST,airline_direct,Air India
MAA,DEL,AI,Air India,AI 640,2026-10-20,45,economy,,,18837.0,False,17:00,ok,2026-09-05T16:18:27.487504+05:30,2026-09-05_1618IST,airline_direct,Air India
MAA,DEL,AI,Air India,AI 2828,2026-10-20,45,economy,,,19080.0,False,05:55,ok,2026-09-05T16:18:27.487504+05:30,2026-09-05_1618IST,airline_direct,Air India
MAA,DEL,AI,Air India,AI 640,2026-10-20,45,economy,,,18837.0,False,17:00,ok,2026-09-05T16:18:27.487504+05:30,2026-09-05_1618IST,airline_direct,Air India
MAA,DEL,AI,Air India,AI 436,2026-10-20,45,economy,,,19345.0,False,21:05,ok,2026-09-05T16:18:27.487504+05:30,2026-09-05_1618IST,airline_direct,Air India
MAA,DEL,AI,Air India,AI 2740,2026-10-20,45,economy,,,18837.0,False,16:00,ok,2026-09-05T16:18:27.487504+05:30,2026-09-05_1618IST,airline_direct,Air India
